0,1,2,3,4,5,6,7,8,9,10,11,12,13,14,15,16,17,18,19,20,21,22,23,24,25,26,27,28,29,30,31,32,33,34,35,36,37,38,39,40,41,42,43,44,45,46,47,48,49,50,51,52,53,54,55,56,57,58,59,60,61,62,63,64,65,66,67,68,69,70,71,72,73,74,75,76,77,78,79,80,81,82,83,84,85,86,87,88,89,90,91,92,93,94,95,96,97,98,99,100,101,102,103,104,105,106,107,108,109,110,111,112,113,114,115,116,117,118,119,120,121,122,123,124,125,126,127,128,129,130,131,132,133,134,135,136,137,138,139,140,141,142,143,144,145,146,147,148,149,150,151,152,153,154,155,156,157,158,159,160,161,162,163,164,165,166,167,168,169,170,171,172,173,174,175,176,177,178,179,180,181,182,183,184,185,186,187,188,189,190
vraghunathan,gwheaton,mofallor,eappelt,vch204,fchow,btiano,lknapp,cebben,mtellakat,dabramov1,ase548,theinhibitor,pjethwani,amukherjee,ksuchun0822,acipiti,omu863,nkansara,rparikh,kchadha,jhoover22,lyu,pscalise,mootwo17,wgrimes,ysiddhartha,gursimransingh,ragarwal,qianfz,bschmidt,spahwa,jhutcheson,mfischer,gpeal,hlee2013,aiglesias,kaziz,ktausk,kbhatt,benjaminceaser2013,ltran88,ctimpon,cschnaith,tkim1113,nrddt,achoi,fcummins,mdoerfler,azheng,mdalzell,jchurchill,jnugent,jmcknight,wmccabe,sprasad09,w00tm0ng3r,cmosier,jbrewster,bchao,jhoover,ekesler,soohoahn322,emoore,kvercauteren,enick,randywaymire,pmehta,jjkim,rgoettelman,lmao,rbarbera,krr401,mkonanur,jli1,jfriedman,dlin,benglish013,hlevine,nleon,msimon,rlad,mgoldberg,myang,coryj,tcheong,mrs392,rgrohman,mbohorquez,jsl685,iabbott,hbang,hrayala,ali436,ukkathawalla,ssaha,sbailey,kleinweber99,lsabih,acm119,dladic,apraiss,kcarson,okamber,askim,jluo,syk,rsubramanian,cburghard,jschwarzbauer,kashif,okusoro,mread,kbailey,cclu,hvanvalkenburgh,eyousif,ablood,sgoel,brao,haalac,ycl481,jwarlick,eaguirre,asampson,dshore,connieyang,xli,sferdous,bchester,hjeon,edubois,abrugman,jminuzzo,nmosberg,qprtx,arepucci,jprindle,hlu,anamath,lmiller,yyangtony,apetersel,mco274,ujain,ptoth,mlee,gsheldon,djin,esegre,kschmidt,tnasr,jwu,tjeong,fallensail,yeseongkim,mwe,jlou,msladek,ysaxena,fhuang,jlee1,jlw553,rsurrey09,nvasilottos,slhatch,lyung,rajatverma1,ask788,evanthunt6,kshih,frichter91,acaneva,afox,rsingh24,bminer,jsy256,danieloh,gkim,njs310,bcacioppo,mong,the,ltang21,nrk959,tjk1991,nnemon,dsloan,agunn,jlamano,jtownsend
jvclark,white73,bshutt,petermathias,mwalders,kpetrucc,gmusyj,nhammel,ychao,jhuffaker,pmoses,nrkeen,askumar,ahmed11,sdevoe,baharman,jasonholmes89,spudster,cho72,yamisamo,kakashow,djrobles,djvarnau,dlopez,waseemkhoury,wdu,tstrzele,smyrick,brangara,twinget,shicheng,mplankey,jpatmast,hsanghvi,jphunter,stkerr,jason89s,steind,gjware,lillylovebug,mlovell,sbogensc,mjbuechl,sdang90,dhancock,robertra,owensec,wtso,cscripp,mpenderg,jengelbe,yue0,jschortg,awlayton,pan3,slaurids,doegerle,mpanzare,alagneau,cdoty,akiran,rdpritch,jaesungyoun,nrobison,colorfula,kperrin,phillijn,reaper117,cpmalone,twildb00,tscheidl,oghaisas,ltaylor,jmulvain,lee291,mjacobso,cdewes229,mbroski,amwhitne,cmottaz,wang391,whess,tmbutler,lee439,mboudas,tydiercks,matt_parker,rsthomps,rschuman,khaver,mchuff,dsabo,tpour3491,mihir14,asahni,mlababid,mdeschne,dougmoney,patricklin,tschreib,jgrivera,sufimazli90,jgiron,jmlindle,gmcnamer,mzwach,bsobecki,kvogler,ctimko,dhanahan,sfedro,bvoon,chang71,aphanse,kskidmor,crkidwel,ahaberlein,jiang31,jcmccorm,bkhandag,upandey,pg1646,spensing,prabhu_m,rjgarman,shreyan,mnharris,myokem,reckel,fiqbal91,jjyoun,jon3153,msathak,brperry,nkwolek,haydenlee,erkendall,cykim,ceverhar,bmccool,adhirots,ryokubaka,wright46,,,,,,,,,,,,,,,,,,,,,,,,,,,,,,,,,,,,,,,,,,,,,,,,
mbianchi,johan1,meliu2,sskim20,panoramarts,sbhaler2,rusiana2,acedamace,lionelmoh,hochan5,thunghan,motoki1,dharmaturtle,dstamat2,bfogel2,aldirin1,mrbrightside695,grillz58,yeunkim2,afromaniac,fonkafno,intrimind,swimjade,sjhseraph,gsvenni2,ctribout,edward31,earlgrey,mmccorm3,wkelleh2,smustaf2,hfederm2,hchoi32,agibson,nbhagat2,lanhuo1986,rskirby2,rbhojwa2,capmaster,xhuang25,johnseo2,wangwei420,crptone,mlee71,ddaza2,ass1085,resquiv2,burgner2,sshiffe2,jbae5,nayak2,yichenusa,jwester3,mmadeja2,dlowry2,freddycheu,mstrom,kodark,echavez3,chang87,joejsheehan,cming2,rusev1,cloud1,tdburks2,jiangj001,xliu34,nbisby2,zumbahl1,sgopal4,spadoni2,mtrower2,mkoh,driscoll42,cgarner3,liu181,amedske2,bcerier2,vali0227,limpgopher88,gmeyer3,jruzic2,anwen,resquiv,kboger2,choi129,japheth,s0undfl0w,chau5,charishma,swieren1,khapp,jtolar,han23,liao27,niemerg1,tianhu2,tstilz,jstrack2,manasgartia,klinga88,xunjian,nitramzero,akong2,ebecker,atseng3,tehmonk,pmartin8,dnshah2,kdearnl2,kkroege2,canandagdeviren,shaofu88,wu14,mjermann,juan1,slhertz,timespectrum,pifactorial,ewood8806,lsomeel41,,,,,,,,,,,,,,,,,,,,,,,,,,,,,,,,,,,,,,,,,,,,,,,,,,,,,,,,,,,,,,,,,,,,,,
alopez1,bawagsk,jmpm,iori,crgbys,bdsalas,john14,jacardenas4,jflores,cameo24,amekstrand,timtim1065,ealmeda,ashwinganesh,lphunh,bleethat,alexhung,orange7,bolormaa,erodriguez,cnguyen8,taz67rs,jrenos,kosorji,jas1988,ebryden,tiffco12,ohernandez,tomas,apazukha,cowsgomur,mwdordor,felixpoon,arinb,garrett3,aacordon,jritch,btonner,yk210,kapiado,narnaut,benster0,egaytan,dollyddyy,aw38,rpmaskill,isanchez,titusl,mlucas,chain1987,manraj09,tbermea,crs,amininio,dexteritty,nguyenhtran,hbkim89,sthyan87,jscchou,jason04,varsha16,maearley,garyhou,melody00,eietmo,jiening,evalenzuela,dscassid,gssalloum,gsferrer,far1989,allentrue,karmue,shano2,elviajero,enforce,mncuatico,hin41189,majaurrieta,mtandon,soto1231,rholyk,derek003,tjdwls0510,jingcong,jameswan,leonhart,jackyc11,sarutd,chicks,tamermoh,towelieee,cyboy,caumsted,aloha,scott7,dskieu,mmaqian,blake,phyzzle,anushaborra,leonlian007,mqcastillo,lucyli89,acarus,mtnguyen,sandy,kimberlyma,sfalmeida,shawnm01,jaruiz3,darthandy,riteshb,jdejesus,cemontalvo,sumeetg,,,,,,,,,,,,,,,,,,,,,,,,,,,,,,,,,,,,,,,,,,,,,,,,,,,,,,,,,,,,,,,,,,,,,,,,,,,
agmarche,sglynn,cjwagner,jcflanag,xueh,wnaville,kspano,jburdesk,zbo,scschrei,kccox,weichang,acroson,skunplin,cgshanno,schust,wrucker,jshennin,aavincen,asaski,rkusuma,jbeaulieu,kdbrown,sesulliv,cbcooper,gnave,wpmyers,lkearney,ddkelly,rmcgrail,behaley,aecooper,kfouch,kjpatter,adavros,li146,jcthomas,jjcho,wgeary,bowensbo,gyoways,takinfe,cbrinton07,knights2715,monsterd5,akraman,winnie,nghadial,ander107,gmendis,,,,,,,,,,,,,,,,,,,,,,,,,,,,,,,,,,,,,,,,,,,,,,,,,,,,,,,,,,,,,,,,,,,,,,,,,,,,,,,,,,,,,,,,,,,,,,,,,,,,,,,,,,,,,,,,,,,,,,,,,,,,,,,,,,,,,,,,,,,,,
choward28,lauralep,sflood,8u9i0o,aeng,virusctm,laurendavis2010,jchertow,laherro,afrancescatti,wendyjo410,clau,dkim2,schia,ckonfirst,jasanchez,bclegg56,scombs,claybrengman,jsainte,smorris,trp786,ecuares,katia,sflorczak,mez377,awong42,smurcko,evitt,nickkm7,sthottathil,heatherhelledge,edsmith13,cbarrett,tlw893,dkargman,smazo,erinanncook,mkamradt1,svillalpando,raznaahmad,phue,dwu417,mczech,,,,,,,,,,,,,,,,,,,,,,,,,,,,,,,,,,,,,,,,,,,,,,,,,,,,,,,,,,,,,,,,,,,,,,,,,,,,,,,,,,,,,,,,,,,,,,,,,,,,,,,,,,,,,,,,,,,,,,,,,,,,,,,,,,,,,,,,,,,,,,,,,,,
kumadbindu,ssingam,mattdit9,melody1007,iquintanilz1,a06tb011,xt3rmin8,jsanchezy23,arod923,dokkaebij,pavanjasti,jatorres,javiercastillo,jatorres4,agarciagr,harlingenkid06,ybai,carlos00,csexton,indigoclay,tamalika123,rok75,rriosz18,eloyolivo,relizondozy,eriosc2,arloedx,leewoonzae,drodriguezz4,cnunezc,linaalvarez,eleggo,aaviles25,jmpm2,mheraldz,swathipriya,,,,,,,,,,,,,,,,,,,,,,,,,,,,,,,,,,,,,,,,,,,,,,,,,,,,,,,,,,,,,,,,,,,,,,,,,,,,,,,,,,,,,,,,,,,,,,,,,,,,,,,,,,,,,,,,,,,,,,,,,,,,,,,,,,,,,,,,,,,,,,,,,,,,,,,,,,,
ahmed_3anter,basma_sha3lan,mmoftah0602,zema_gouchy,m_fouly,mmatda1976,amr_elzidy,negm,essam_samir,salehov,marwa,moro,h_maksoud,fayezelsisy,ahmd_sadk,morgan_3,hattem,hanoy73,manar,eng_hoda,kiridode,eauchy,shadygamel,ahmed_elabyad,abdulaleem,aymanmahgoub,togauravsaxena,shereef_23,anhrnti,mhussein,kymera,mmoftah,amr_elmasry,anhr_nti,aryawww,,,,,,,,,,,,,,,,,,,,,,,,,,,,,,,,,,,,,,,,,,,,,,,,,,,,,,,,,,,,,,,,,,,,,,,,,,,,,,,,,,,,,,,,,,,,,,,,,,,,,,,,,,,,,,,,,,,,,,,,,,,,,,,,,,,,,,,,,,,,,,,,,,,,,,,,,,,,
m_aras,yalcine,erdi,kmgzn,bugrabalaban,ufukyaman,prankieee,citoglu,utkuse,torabora,bozbey00,snbelenli,kurch,omerfaruk,mtzng,inanc,ahmetoz,orkunarican,gulesn,shoke,chinar,basakd,aysegul,hfirat86,feze,mhmtmtl,alper,denizceliktas,ergin,ardaonder,,,,,,,,,,,,,,,,,,,,,,,,,,,,,,,,,,,,,,,,,,,,,,,,,,,,,,,,,,,,,,,,,,,,,,,,,,,,,,,,,,,,,,,,,,,,,,,,,,,,,,,,,,,,,,,,,,,,,,,,,,,,,,,,,,,,,,,,,,,,,,,,,,,,,,,,,,,,,,,,,
jmendoza,jasonr,wfarah,egasencalada,nkyirga,sjtolan,mepinto,qpho,yumingliu,drmercado,lancelopez,nwjohnson,eapolinario,zshishkoyan,mzalam,jsleblanc,bigmadde06,jaetcheverry,eakosalka,jweaver,hotingliu,,,,,,,,,,,,,,,,,,,,,,,,,,,,,,,,,,,,,,,,,,,,,,,,,,,,,,,,,,,,,,,,,,,,,,,,,,,,,,,,,,,,,,,,,,,,,,,,,,,,,,,,,,,,,,,,,,,,,,,,,,,,,,,,,,,,,,,,,,,,,,,,,,,,,,,,,,,,,,,,,,,,,,,,,,
ticalone,inex04,mooner,timaroo,smilanos,zermanas,cbanh,nlanders,jbyrne1,benrael,meem,portamigra,mcraw,e0311371,jwilli12,cbolton,trevino3,askachen369,wilsonn,ccluhrs,,,,,,,,,,,,,,,,,,,,,,,,,,,,,,,,,,,,,,,,,,,,,,,,,,,,,,,,,,,,,,,,,,,,,,,,,,,,,,,,,,,,,,,,,,,,,,,,,,,,,,,,,,,,,,,,,,,,,,,,,,,,,,,,,,,,,,,,,,,,,,,,,,,,,,,,,,,,,,,,,,,,,,,,,,,
mhlebask,kbyun,weim,mconaboy,purukhandue,ejasinsk,cbean,abishmalik,ratanrego,manakaw,eenginerd,hirawan,vgokhale,petey27,tkazokas,wtowens,pasera,afrierso,panren2006,arthurfacon,,,,,,,,,,,,,,,,,,,,,,,,,,,,,,,,,,,,,,,,,,,,,,,,,,,,,,,,,,,,,,,,,,,,,,,,,,,,,,,,,,,,,,,,,,,,,,,,,,,,,,,,,,,,,,,,,,,,,,,,,,,,,,,,,,,,,,,,,,,,,,,,,,,,,,,,,,,,,,,,,,,,,,,,,,,
hamed,leelakishen,madhuadavelli15,rajgopal74,surendra207,ashok408,khan530,aravinda,adityayottastar,bharanimallipeddi,venkey,jagdeshkas,ysantoshreddy86,gadderamakrishna,sujan24,bkishore207,sudheergajari,handsomepraveen,,,,,,,,,,,,,,,,,,,,,,,,,,,,,,,,,,,,,,,,,,,,,,,,,,,,,,,,,,,,,,,,,,,,,,,,,,,,,,,,,,,,,,,,,,,,,,,,,,,,,,,,,,,,,,,,,,,,,,,,,,,,,,,,,,,,,,,,,,,,,,,,,,,,,,,,,,,,,,,,,,,,,,,,,,,,,
timbow,jliu86,nakata,haoziyanwo,kaidu,japflieg,gpinkel,camellog,hosuklee78,vishniakou,j5ong,pgrutz,heavenward79,vijayen,olesyasun,agrieco,,,,,,,,,,,,,,,,,,,,,,,,,,,,,,,,,,,,,,,,,,,,,,,,,,,,,,,,,,,,,,,,,,,,,,,,,,,,,,,,,,,,,,,,,,,,,,,,,,,,,,,,,,,,,,,,,,,,,,,,,,,,,,,,,,,,,,,,,,,,,,,,,,,,,,,,,,,,,,,,,,,,,,,,,,,,,,,
aaronmudd,ares_xlz,marsmoon,deguzouw,nmahend2,jain10,hector0785,xinhai,choi1,enzelu1,dbhatn2,khuh,frankzheng329,vrangel,john3636,zhang205,,,,,,,,,,,,,,,,,,,,,,,,,,,,,,,,,,,,,,,,,,,,,,,,,,,,,,,,,,,,,,,,,,,,,,,,,,,,,,,,,,,,,,,,,,,,,,,,,,,,,,,,,,,,,,,,,,,,,,,,,,,,,,,,,,,,,,,,,,,,,,,,,,,,,,,,,,,,,,,,,,,,,,,,,,,,,,,
osso,srinivasan1984,mitrasomak,littlemooncake,aminkhan,rok1986,pankaj_kvhld,tiabilly,athom,neo781017,zhohuo,tiboy,rouget,behnambanan,spritelala,moeen84,,,,,,,,,,,,,,,,,,,,,,,,,,,,,,,,,,,,,,,,,,,,,,,,,,,,,,,,,,,,,,,,,,,,,,,,,,,,,,,,,,,,,,,,,,,,,,,,,,,,,,,,,,,,,,,,,,,,,,,,,,,,,,,,,,,,,,,,,,,,,,,,,,,,,,,,,,,,,,,,,,,,,,,,,,,,,,,
singulani,cho119,bailey99999,pinkfrida,sthomps9,somnath2,crazedcatatonic5,arbiter007,nicfang,sbboyd2,caorduno,graf4,mail2na,sontran,chrismy,,,,,,,,,,,,,,,,,,,,,,,,,,,,,,,,,,,,,,,,,,,,,,,,,,,,,,,,,,,,,,,,,,,,,,,,,,,,,,,,,,,,,,,,,,,,,,,,,,,,,,,,,,,,,,,,,,,,,,,,,,,,,,,,,,,,,,,,,,,,,,,,,,,,,,,,,,,,,,,,,,,,,,,,,,,,,,,,
susma,thalaiva29,ylu6,raoy,vijayak,vinay_2010,kanneganti,vamsi007,sanjay007,chenjiezhi,arsenal,garrettschlenvogt,yamini,cabreraw1,ganesh_kanumilli,,,,,,,,,,,,,,,,,,,,,,,,,,,,,,,,,,,,,,,,,,,,,,,,,,,,,,,,,,,,,,,,,,,,,,,,,,,,,,,,,,,,,,,,,,,,,,,,,,,,,,,,,,,,,,,,,,,,,,,,,,,,,,,,,,,,,,,,,,,,,,,,,,,,,,,,,,,,,,,,,,,,,,,,,,,,,,,,
gregoriospencer,ngovi,mdnb2,cacurtis,joebutler9,fallya,johnd,donpablo,jngkd,dganger,yyuan,suavecito,nkchen,lixinlixinn,,,,,,,,,,,,,,,,,,,,,,,,,,,,,,,,,,,,,,,,,,,,,,,,,,,,,,,,,,,,,,,,,,,,,,,,,,,,,,,,,,,,,,,,,,,,,,,,,,,,,,,,,,,,,,,,,,,,,,,,,,,,,,,,,,,,,,,,,,,,,,,,,,,,,,,,,,,,,,,,,,,,,,,,,,,,,,,,,
faraztehrani,spidermonkey,tdare,wsvandyk,zigeun,weinzapf,bdleonar,mharvazi,samdin8084,harshayejju,ajmendoz,sim,mrakita,,,,,,,,,,,,,,,,,,,,,,,,,,,,,,,,,,,,,,,,,,,,,,,,,,,,,,,,,,,,,,,,,,,,,,,,,,,,,,,,,,,,,,,,,,,,,,,,,,,,,,,,,,,,,,,,,,,,,,,,,,,,,,,,,,,,,,,,,,,,,,,,,,,,,,,,,,,,,,,,,,,,,,,,,,,,,,,,,,
jlorenz3,yapjiun1,eva_chi,hess8,ttapers,lieberae,apung,loganliu1,pi_factorial,ljleon,rgoble,kylemore04,tsaucer,,,,,,,,,,,,,,,,,,,,,,,,,,,,,,,,,,,,,,,,,,,,,,,,,,,,,,,,,,,,,,,,,,,,,,,,,,,,,,,,,,,,,,,,,,,,,,,,,,,,,,,,,,,,,,,,,,,,,,,,,,,,,,,,,,,,,,,,,,,,,,,,,,,,,,,,,,,,,,,,,,,,,,,,,,,,,,,,,,
huiwen,ssai52,shizukuse,player727,cyyiu,ttk,franky,fortissimo,bhsu_tw,waterydan,leoplct,zcsu,,,,,,,,,,,,,,,,,,,,,,,,,,,,,,,,,,,,,,,,,,,,,,,,,,,,,,,,,,,,,,,,,,,,,,,,,,,,,,,,,,,,,,,,,,,,,,,,,,,,,,,,,,,,,,,,,,,,,,,,,,,,,,,,,,,,,,,,,,,,,,,,,,,,,,,,,,,,,,,,,,,,,,,,,,,,,,,,,,,
spaceel,jzeng,park249,ykubo,dswood,tseyulin,joywith,jcwirth,neala,beneintray,kmcmulle,alolita,,,,,,,,,,,,,,,,,,,,,,,,,,,,,,,,,,,,,,,,,,,,,,,,,,,,,,,,,,,,,,,,,,,,,,,,,,,,,,,,,,,,,,,,,,,,,,,,,,,,,,,,,,,,,,,,,,,,,,,,,,,,,,,,,,,,,,,,,,,,,,,,,,,,,,,,,,,,,,,,,,,,,,,,,,,,,,,,,,,
kcollins5,baijingwei,bivas,kcollins2,nanohubmd,kcollins4,fsparverius4,andymuto2,fsparverius2,kcollins3,kcollins6,fsparverius3,,,,,,,,,,,,,,,,,,,,,,,,,,,,,,,,,,,,,,,,,,,,,,,,,,,,,,,,,,,,,,,,,,,,,,,,,,,,,,,,,,,,,,,,,,,,,,,,,,,,,,,,,,,,,,,,,,,,,,,,,,,,,,,,,,,,,,,,,,,,,,,,,,,,,,,,,,,,,,,,,,,,,,,,,,,,,,,,,,,
jestout,cheerfulshiva,hosummo,jmlisenb,jhart1988,brain2331,zbode05,nkhatri50,dchowe,jmbernie,isamini,,,,,,,,,,,,,,,,,,,,,,,,,,,,,,,,,,,,,,,,,,,,,,,,,,,,,,,,,,,,,,,,,,,,,,,,,,,,,,,,,,,,,,,,,,,,,,,,,,,,,,,,,,,,,,,,,,,,,,,,,,,,,,,,,,,,,,,,,,,,,,,,,,,,,,,,,,,,,,,,,,,,,,,,,,,,,,,,,,,,
ezzeldin,tewers,wjchoi,mukul,jdedrick,helasrag,liuyichem,dkraemer,topquark,michellepaquette,,,,,,,,,,,,,,,,,,,,,,,,,,,,,,,,,,,,,,,,,,,,,,,,,,,,,,,,,,,,,,,,,,,,,,,,,,,,,,,,,,,,,,,,,,,,,,,,,,,,,,,,,,,,,,,,,,,,,,,,,,,,,,,,,,,,,,,,,,,,,,,,,,,,,,,,,,,,,,,,,,,,,,,,,,,,,,,,,,,,,
erter,crkagan,wjiang71,pelino,rakeshjnc,akamps,spolly,yashu13,sortolev,jammie,,,,,,,,,,,,,,,,,,,,,,,,,,,,,,,,,,,,,,,,,,,,,,,,,,,,,,,,,,,,,,,,,,,,,,,,,,,,,,,,,,,,,,,,,,,,,,,,,,,,,,,,,,,,,,,,,,,,,,,,,,,,,,,,,,,,,,,,,,,,,,,,,,,,,,,,,,,,,,,,,,,,,,,,,,,,,,,,,,,,,
taliaho,kylerupp87,lee251,chen145,pxu,vqnguyen,green16,zhang118,pjcannon,,,,,,,,,,,,,,,,,,,,,,,,,,,,,,,,,,,,,,,,,,,,,,,,,,,,,,,,,,,,,,,,,,,,,,,,,,,,,,,,,,,,,,,,,,,,,,,,,,,,,,,,,,,,,,,,,,,,,,,,,,,,,,,,,,,,,,,,,,,,,,,,,,,,,,,,,,,,,,,,,,,,,,,,,,,,,,,,,,,,,,
bthayer,tjl715,peggywidjaja,jtanumihardja,moriab,dunny505,moniqueospinal,renoona,marinen,,,,,,,,,,,,,,,,,,,,,,,,,,,,,,,,,,,,,,,,,,,,,,,,,,,,,,,,,,,,,,,,,,,,,,,,,,,,,,,,,,,,,,,,,,,,,,,,,,,,,,,,,,,,,,,,,,,,,,,,,,,,,,,,,,,,,,,,,,,,,,,,,,,,,,,,,,,,,,,,,,,,,,,,,,,,,,,,,,,,,,
nanosolar,hchhide,yuxingangzju,vivi6,sreramanm,meixian82,zhiying,mohammad_shayeste,ull124,,,,,,,,,,,,,,,,,,,,,,,,,,,,,,,,,,,,,,,,,,,,,,,,,,,,,,,,,,,,,,,,,,,,,,,,,,,,,,,,,,,,,,,,,,,,,,,,,,,,,,,,,,,,,,,,,,,,,,,,,,,,,,,,,,,,,,,,,,,,,,,,,,,,,,,,,,,,,,,,,,,,,,,,,,,,,,,,,,,,,,
ankur,erdem,cagripeker2,tostostos,irmakcomert,esin,fevzi,gauravcemk,,,,,,,,,,,,,,,,,,,,,,,,,,,,,,,,,,,,,,,,,,,,,,,,,,,,,,,,,,,,,,,,,,,,,,,,,,,,,,,,,,,,,,,,,,,,,,,,,,,,,,,,,,,,,,,,,,,,,,,,,,,,,,,,,,,,,,,,,,,,,,,,,,,,,,,,,,,,,,,,,,,,,,,,,,,,,,,,,,,,,,,
tela,novakovic,amoham2,nvs9,thanatoswang,aminnich,ikukokitamura,,,,,,,,,,,,,,,,,,,,,,,,,,,,,,,,,,,,,,,,,,,,,,,,,,,,,,,,,,,,,,,,,,,,,,,,,,,,,,,,,,,,,,,,,,,,,,,,,,,,,,,,,,,,,,,,,,,,,,,,,,,,,,,,,,,,,,,,,,,,,,,,,,,,,,,,,,,,,,,,,,,,,,,,,,,,,,,,,,,,,,,,
jcagadas,aku108,kbernard,amodtimalsina,nisha89,sjd345,agdoutou,,,,,,,,,,,,,,,,,,,,,,,,,,,,,,,,,,,,,,,,,,,,,,,,,,,,,,,,,,,,,,,,,,,,,,,,,,,,,,,,,,,,,,,,,,,,,,,,,,,,,,,,,,,,,,,,,,,,,,,,,,,,,,,,,,,,,,,,,,,,,,,,,,,,,,,,,,,,,,,,,,,,,,,,,,,,,,,,,,,,,,,,
mimilou78,vharrison,mblalonde,mpersoni,tashadrake2014,jharris,awesometa2014,,,,,,,,,,,,,,,,,,,,,,,,,,,,,,,,,,,,,,,,,,,,,,,,,,,,,,,,,,,,,,,,,,,,,,,,,,,,,,,,,,,,,,,,,,,,,,,,,,,,,,,,,,,,,,,,,,,,,,,,,,,,,,,,,,,,,,,,,,,,,,,,,,,,,,,,,,,,,,,,,,,,,,,,,,,,,,,,,,,,,,,,
pmboyd88,osterberg,jworley,nanojunk,kyleyakubisin,kevlynmathews,eldrige10,,,,,,,,,,,,,,,,,,,,,,,,,,,,,,,,,,,,,,,,,,,,,,,,,,,,,,,,,,,,,,,,,,,,,,,,,,,,,,,,,,,,,,,,,,,,,,,,,,,,,,,,,,,,,,,,,,,,,,,,,,,,,,,,,,,,,,,,,,,,,,,,,,,,,,,,,,,,,,,,,,,,,,,,,,,,,,,,,,,,,,,,
ppp134,max1030,kianchang,ppatel,somaia_sylvia,kite,,,,,,,,,,,,,,,,,,,,,,,,,,,,,,,,,,,,,,,,,,,,,,,,,,,,,,,,,,,,,,,,,,,,,,,,,,,,,,,,,,,,,,,,,,,,,,,,,,,,,,,,,,,,,,,,,,,,,,,,,,,,,,,,,,,,,,,,,,,,,,,,,,,,,,,,,,,,,,,,,,,,,,,,,,,,,,,,,,,,,,,,,
xx05334054,samus926,mkoleini,chinmayn,sjrosen,yzhou,,,,,,,,,,,,,,,,,,,,,,,,,,,,,,,,,,,,,,,,,,,,,,,,,,,,,,,,,,,,,,,,,,,,,,,,,,,,,,,,,,,,,,,,,,,,,,,,,,,,,,,,,,,,,,,,,,,,,,,,,,,,,,,,,,,,,,,,,,,,,,,,,,,,,,,,,,,,,,,,,,,,,,,,,,,,,,,,,,,,,,,,,
mmsigalas,kmfoley,vedanthbilagi,equijano,taninme1,walavalk,,,,,,,,,,,,,,,,,,,,,,,,,,,,,,,,,,,,,,,,,,,,,,,,,,,,,,,,,,,,,,,,,,,,,,,,,,,,,,,,,,,,,,,,,,,,,,,,,,,,,,,,,,,,,,,,,,,,,,,,,,,,,,,,,,,,,,,,,,,,,,,,,,,,,,,,,,,,,,,,,,,,,,,,,,,,,,,,,,,,,,,,,
smodis85,baldo,djva,fpga,lucanadaletto,benzo,,,,,,,,,,,,,,,,,,,,,,,,,,,,,,,,,,,,,,,,,,,,,,,,,,,,,,,,,,,,,,,,,,,,,,,,,,,,,,,,,,,,,,,,,,,,,,,,,,,,,,,,,,,,,,,,,,,,,,,,,,,,,,,,,,,,,,,,,,,,,,,,,,,,,,,,,,,,,,,,,,,,,,,,,,,,,,,,,,,,,,,,,
anishv,sachindubey,ll2bf,jancely,jmikulak,gbp1984,,,,,,,,,,,,,,,,,,,,,,,,,,,,,,,,,,,,,,,,,,,,,,,,,,,,,,,,,,,,,,,,,,,,,,,,,,,,,,,,,,,,,,,,,,,,,,,,,,,,,,,,,,,,,,,,,,,,,,,,,,,,,,,,,,,,,,,,,,,,,,,,,,,,,,,,,,,,,,,,,,,,,,,,,,,,,,,,,,,,,,,,,
yecongwang,pmccallu,jscibett,dinascraz01,davidliu,alimiadi,,,,,,,,,,,,,,,,,,,,,,,,,,,,,,,,,,,,,,,,,,,,,,,,,,,,,,,,,,,,,,,,,,,,,,,,,,,,,,,,,,,,,,,,,,,,,,,,,,,,,,,,,,,,,,,,,,,,,,,,,,,,,,,,,,,,,,,,,,,,,,,,,,,,,,,,,,,,,,,,,,,,,,,,,,,,,,,,,,,,,,,,,
franktank,panfeng1018,jiwonchang,liuxin,dvarghe,,,,,,,,,,,,,,,,,,,,,,,,,,,,,,,,,,,,,,,,,,,,,,,,,,,,,,,,,,,,,,,,,,,,,,,,,,,,,,,,,,,,,,,,,,,,,,,,,,,,,,,,,,,,,,,,,,,,,,,,,,,,,,,,,,,,,,,,,,,,,,,,,,,,,,,,,,,,,,,,,,,,,,,,,,,,,,,,,,,,,,,,,,
bdkjf,jsalisbury,mattlco,regbenne,ppy03006,,,,,,,,,,,,,,,,,,,,,,,,,,,,,,,,,,,,,,,,,,,,,,,,,,,,,,,,,,,,,,,,,,,,,,,,,,,,,,,,,,,,,,,,,,,,,,,,,,,,,,,,,,,,,,,,,,,,,,,,,,,,,,,,,,,,,,,,,,,,,,,,,,,,,,,,,,,,,,,,,,,,,,,,,,,,,,,,,,,,,,,,,,
asanka,phamthanhvan,hajir,mfp,jijopu,,,,,,,,,,,,,,,,,,,,,,,,,,,,,,,,,,,,,,,,,,,,,,,,,,,,,,,,,,,,,,,,,,,,,,,,,,,,,,,,,,,,,,,,,,,,,,,,,,,,,,,,,,,,,,,,,,,,,,,,,,,,,,,,,,,,,,,,,,,,,,,,,,,,,,,,,,,,,,,,,,,,,,,,,,,,,,,,,,,,,,,,,,
dasteuerman,martina82,giuseppepasetti,alessandrobetti,valentina,,,,,,,,,,,,,,,,,,,,,,,,,,,,,,,,,,,,,,,,,,,,,,,,,,,,,,,,,,,,,,,,,,,,,,,,,,,,,,,,,,,,,,,,,,,,,,,,,,,,,,,,,,,,,,,,,,,,,,,,,,,,,,,,,,,,,,,,,,,,,,,,,,,,,,,,,,,,,,,,,,,,,,,,,,,,,,,,,,,,,,,,,,
shtsao,cbhuang,extremeuv4u,alantsay,dage,,,,,,,,,,,,,,,,,,,,,,,,,,,,,,,,,,,,,,,,,,,,,,,,,,,,,,,,,,,,,,,,,,,,,,,,,,,,,,,,,,,,,,,,,,,,,,,,,,,,,,,,,,,,,,,,,,,,,,,,,,,,,,,,,,,,,,,,,,,,,,,,,,,,,,,,,,,,,,,,,,,,,,,,,,,,,,,,,,,,,,,,,,
amrita12,amrita7,kripamayi,amrita13,krishnamboori,,,,,,,,,,,,,,,,,,,,,,,,,,,,,,,,,,,,,,,,,,,,,,,,,,,,,,,,,,,,,,,,,,,,,,,,,,,,,,,,,,,,,,,,,,,,,,,,,,,,,,,,,,,,,,,,,,,,,,,,,,,,,,,,,,,,,,,,,,,,,,,,,,,,,,,,,,,,,,,,,,,,,,,,,,,,,,,,,,,,,,,,,,
drestes,mhmalik,bnowak1287,rslosser,tgregg,,,,,,,,,,,,,,,,,,,,,,,,,,,,,,,,,,,,,,,,,,,,,,,,,,,,,,,,,,,,,,,,,,,,,,,,,,,,,,,,,,,,,,,,,,,,,,,,,,,,,,,,,,,,,,,,,,,,,,,,,,,,,,,,,,,,,,,,,,,,,,,,,,,,,,,,,,,,,,,,,,,,,,,,,,,,,,,,,,,,,,,,,,
min1905,omh2125,pandori79,dorun113,steve01903,,,,,,,,,,,,,,,,,,,,,,,,,,,,,,,,,,,,,,,,,,,,,,,,,,,,,,,,,,,,,,,,,,,,,,,,,,,,,,,,,,,,,,,,,,,,,,,,,,,,,,,,,,,,,,,,,,,,,,,,,,,,,,,,,,,,,,,,,,,,,,,,,,,,,,,,,,,,,,,,,,,,,,,,,,,,,,,,,,,,,,,,,,
jwhitenack3,awasser,lilianamn,mmarkulik,jarim12,,,,,,,,,,,,,,,,,,,,,,,,,,,,,,,,,,,,,,,,,,,,,,,,,,,,,,,,,,,,,,,,,,,,,,,,,,,,,,,,,,,,,,,,,,,,,,,,,,,,,,,,,,,,,,,,,,,,,,,,,,,,,,,,,,,,,,,,,,,,,,,,,,,,,,,,,,,,,,,,,,,,,,,,,,,,,,,,,,,,,,,,,,
jeromegazel,gregolsen,tb,lycoschoi,ldfinotti,,,,,,,,,,,,,,,,,,,,,,,,,,,,,,,,,,,,,,,,,,,,,,,,,,,,,,,,,,,,,,,,,,,,,,,,,,,,,,,,,,,,,,,,,,,,,,,,,,,,,,,,,,,,,,,,,,,,,,,,,,,,,,,,,,,,,,,,,,,,,,,,,,,,,,,,,,,,,,,,,,,,,,,,,,,,,,,,,,,,,,,,,,
