avgust,quantumkapnob,rpratiwadi,citizenbobusa,jxx071000,syj1209,ischopra,chucks79in,sarluke,hamid_9341,TheChunker,selina,,,,,,,,,,,,,,,,,,,,,,,,,,,,,,,,,,,,,,,,,,,,,,,,,,,,,,,,,,,,,,,,,,,,,,,,,,,,,,,,,,,,,,,,,,,,,,,,,,,,,,,,,,,,,,,,,,,,,,,,,,,,,,,,,,,,,,,,,,,,,,,,,,,,,,,,,,,,,,,,,,,,,,,,,,,,,,,
lnaveen,yphani,mdnizam84,kotanaveen,bhupathikalpana,ashfaq,kajal1,jahnvi,abed820,agayathri,irshad,harish,radhikak,,,,,,,,,,,,,,,,,,,,,,,,,,,,,,,,,,,,,,,,,,,,,,,,,,,,,,,,,,,,,,,,,,,,,,,,,,,,,,,,,,,,,,,,,,,,,,,,,,,,,,,,,,,,,,,,,,,,,,,,,,,,,,,,,,,,,,,,,,,,,,,,,,,,,,,,,,,,,,,,,,,,,,,,,,,,,,
yiwang,leoh,andreyk,xge,jodell,jloffeld,egwolf,pkvalava,nanohub2,mmccull,chennima,,,,,,,,,,,,,,,,,,,,,,,,,,,,,,,,,,,,,,,,,,,,,,,,,,,,,,,,,,,,,,,,,,,,,,,,,,,,,,,,,,,,,,,,,,,,,,,,,,,,,,,,,,,,,,,,,,,,,,,,,,,,,,,,,,,,,,,,,,,,,,,,,,,,,,,,,,,,,,,,,,,,,,,,,,,,,,,,
yru,mmclennan,clarksnano,dvarghe,mmc,kennell,,,,,,,,,,,,,,,,,,,,,,,,,,,,,,,,,,,,,,,,,,,,,,,,,,,,,,,,,,,,,,,,,,,,,,,,,,,,,,,,,,,,,,,,,,,,,,,,,,,,,,,,,,,,,,,,,,,,,,,,,,,,,,,,,,,,,,,,,,,,,,,,,,,,,,,,,,,,,,,,,,,,,,,,,,,,,,,,,,,,,
simiger,jc50fb,nherring,kevinjmajor,Minghong,snakezap23,,,,,,,,,,,,,,,,,,,,,,,,,,,,,,,,,,,,,,,,,,,,,,,,,,,,,,,,,,,,,,,,,,,,,,,,,,,,,,,,,,,,,,,,,,,,,,,,,,,,,,,,,,,,,,,,,,,,,,,,,,,,,,,,,,,,,,,,,,,,,,,,,,,,,,,,,,,,,,,,,,,,,,,,,,,,,,,,,,,,,
ja81881,simiger,jc50fb,thedark,harsh2312,kobaya67,simigercn,,,,,,,,,,,,,,,,,,,,,,,,,,,,,,,,,,,,,,,,,,,,,,,,,,,,,,,,,,,,,,,,,,,,,,,,,,,,,,,,,,,,,,,,,,,,,,,,,,,,,,,,,,,,,,,,,,,,,,,,,,,,,,,,,,,,,,,,,,,,,,,,,,,,,,,,,,,,,,,,,,,,,,,,,,,,,,,,,,,,
ssahmed,raamsid,kotanaveen,sairam,khader_7786,harani,abed820,rahul24,karthikc,moturukh,radhikak,,,,,,,,,,,,,,,,,,,,,,,,,,,,,,,,,,,,,,,,,,,,,,,,,,,,,,,,,,,,,,,,,,,,,,,,,,,,,,,,,,,,,,,,,,,,,,,,,,,,,,,,,,,,,,,,,,,,,,,,,,,,,,,,,,,,,,,,,,,,,,,,,,,,,,,,,,,,,,,,,,,,,,,,,,,,,,,,
ja81881,simiger,Minghong,jc50fb,thedark,harsh2312,kobaya67,kevinjmajor,sharjohn,vatano,mforney1,nherring,snakezap23,,,,,,,,,,,,,,,,,,,,,,,,,,,,,,,,,,,,,,,,,,,,,,,,,,,,,,,,,,,,,,,,,,,,,,,,,,,,,,,,,,,,,,,,,,,,,,,,,,,,,,,,,,,,,,,,,,,,,,,,,,,,,,,,,,,,,,,,,,,,,,,,,,,,,,,,,,,,,,,,,,,,,,,,,,,,,,
ssahmed,sericsson,raamsid,ashfaq,potluri9,kajal1,harani,jwala,moturukh,,,,,,,,,,,,,,,,,,,,,,,,,,,,,,,,,,,,,,,,,,,,,,,,,,,,,,,,,,,,,,,,,,,,,,,,,,,,,,,,,,,,,,,,,,,,,,,,,,,,,,,,,,,,,,,,,,,,,,,,,,,,,,,,,,,,,,,,,,,,,,,,,,,,,,,,,,,,,,,,,,,,,,,,,,,,,,,,,,
ssahmed,kotanaveen,khader_7786,harani,abed820,rahul24,radhikak,,,,,,,,,,,,,,,,,,,,,,,,,,,,,,,,,,,,,,,,,,,,,,,,,,,,,,,,,,,,,,,,,,,,,,,,,,,,,,,,,,,,,,,,,,,,,,,,,,,,,,,,,,,,,,,,,,,,,,,,,,,,,,,,,,,,,,,,,,,,,,,,,,,,,,,,,,,,,,,,,,,,,,,,,,,,,,,,,,,,
avgust,quantumkapnob,rpratiwadi,citizenbobusa,jxx071000,ischopra,chucks79in,sarluke,hamid_9341,TheChunker,selina,,,,,,,,,,,,,,,,,,,,,,,,,,,,,,,,,,,,,,,,,,,,,,,,,,,,,,,,,,,,,,,,,,,,,,,,,,,,,,,,,,,,,,,,,,,,,,,,,,,,,,,,,,,,,,,,,,,,,,,,,,,,,,,,,,,,,,,,,,,,,,,,,,,,,,,,,,,,,,,,,,,,,,,,,,,,,,,,
subbarao,panyamak,moin95,abhishekmidturi,aliuddin,suchitradhadigam,omkareshwarnaik,saikeerthig,jithudevineni,agnichunduri,p_deepthi13,pramod_dude2003,namtih58,lude251,deepthinano,nagavender,sravan,ponugupati,jilani919,,,,,,,,,,,,,,,,,,,,,,,,,,,,,,,,,,,,,,,,,,,,,,,,,,,,,,,,,,,,,,,,,,,,,,,,,,,,,,,,,,,,,,,,,,,,,,,,,,,,,,,,,,,,,,,,,,,,,,,,,,,,,,,,,,,,,,,,,,,,,,,,,,,,,,,,,,,,,,,,,,,,,,,,
rajkirangotti,lude251,raghuramsrinivasr,abhishekmidturi,myersrr,,,,,,,,,,,,,,,,,,,,,,,,,,,,,,,,,,,,,,,,,,,,,,,,,,,,,,,,,,,,,,,,,,,,,,,,,,,,,,,,,,,,,,,,,,,,,,,,,,,,,,,,,,,,,,,,,,,,,,,,,,,,,,,,,,,,,,,,,,,,,,,,,,,,,,,,,,,,,,,,,,,,,,,,,,,,,,,,,,,,,,
subbarao,malleswari,venkatvasu,vasu_katangooru,rajkirangottipati,raghuramsrinivasr,maxon_999,,,,,,,,,,,,,,,,,,,,,,,,,,,,,,,,,,,,,,,,,,,,,,,,,,,,,,,,,,,,,,,,,,,,,,,,,,,,,,,,,,,,,,,,,,,,,,,,,,,,,,,,,,,,,,,,,,,,,,,,,,,,,,,,,,,,,,,,,,,,,,,,,,,,,,,,,,,,,,,,,,,,,,,,,,,,,,,,,,,,
khader_7786,bharatsainani,harani,ranjithpadidala,abed820,rahul24,harish,moturukh,,,,,,,,,,,,,,,,,,,,,,,,,,,,,,,,,,,,,,,,,,,,,,,,,,,,,,,,,,,,,,,,,,,,,,,,,,,,,,,,,,,,,,,,,,,,,,,,,,,,,,,,,,,,,,,,,,,,,,,,,,,,,,,,,,,,,,,,,,,,,,,,,,,,,,,,,,,,,,,,,,,,,,,,,,,,,,,,,,,
apalaria,Ayesha,hmurdoch,hmurdoch2,hsinhaouh,mrakita,ccqian,strachan,abartow,santoshkumar,cbburger,dsamson,fangoua,oliverm,banglin,yjing,yalanz,iyums,grlong,dhruvsingh,,,,,,,,,,,,,,,,,,,,,,,,,,,,,,,,,,,,,,,,,,,,,,,,,,,,,,,,,,,,,,,,,,,,,,,,,,,,,,,,,,,,,,,,,,,,,,,,,,,,,,,,,,,,,,,,,,,,,,,,,,,,,,,,,,,,,,,,,,,,,,,,,,,,,,,,,,,,,,,,,,,,,,,
chindan29,tuhinsinha,pourghaz,liangz,mspletze,oogiedoogie,,,,,,,,,,,,,,,,,,,,,,,,,,,,,,,,,,,,,,,,,,,,,,,,,,,,,,,,,,,,,,,,,,,,,,,,,,,,,,,,,,,,,,,,,,,,,,,,,,,,,,,,,,,,,,,,,,,,,,,,,,,,,,,,,,,,,,,,,,,,,,,,,,,,,,,,,,,,,,,,,,,,,,,,,,,,,,,,,,,,,
bhupathikalpana,kotanaveen,khader_7786,bharatsainani,ajay43,sribotla82,gsraghu,nagaraj,abed820,rahul24,radhikak,lnaveen,ssahmed,chsumanth14,yphani,potluri9,jwala,adeflux,rakeshk,harani,mini_moses,rajanim,sairam,guttivishu,agayathri,ranjithpadidala,harish,praneet9,,,,,,,,,,,,,,,,,,,,,,,,,,,,,,,,,,,,,,,,,,,,,,,,,,,,,,,,,,,,,,,,,,,,,,,,,,,,,,,,,,,,,,,,,,,,,,,,,,,,,,,,,,,,,,,,,,,,,,,,,,,,,,,,,,,,,,,,,,,,,,,,,,,,,,,,,,,,,,,
mdsadiq,khader_7786,jahnvi,gsraghu,nagaraj,lnaveen,ssahmed,yphani,ashfaq,potluri9,jwala,irshad,umechelimila,raamsid,kajalpatil,pavan26kp,harani,sekhar_tee,agayathri,harish,moturukh,radhikak,,,,,,,,,,,,,,,,,,,,,,,,,,,,,,,,,,,,,,,,,,,,,,,,,,,,,,,,,,,,,,,,,,,,,,,,,,,,,,,,,,,,,,,,,,,,,,,,,,,,,,,,,,,,,,,,,,,,,,,,,,,,,,,,,,,,,,,,,,,,,,,,,,,,,,,,,,,,,,,,,,,,,
adeflux,mdsadiq,yphani,bhupathikalpana,kotanaveen,ashfaq,khader_7786,guttivishu,sribotla82,harani,ranjithpadidala,jwala,rahul24,radhikak,,,,,,,,,,,,,,,,,,,,,,,,,,,,,,,,,,,,,,,,,,,,,,,,,,,,,,,,,,,,,,,,,,,,,,,,,,,,,,,,,,,,,,,,,,,,,,,,,,,,,,,,,,,,,,,,,,,,,,,,,,,,,,,,,,,,,,,,,,,,,,,,,,,,,,,,,,,,,,,,,,,,,,,,,,,,,
kotanaveen,khader_7786,guttivishu,raj7_singhania,mini_moses,irshad,,,,,,,,,,,,,,,,,,,,,,,,,,,,,,,,,,,,,,,,,,,,,,,,,,,,,,,,,,,,,,,,,,,,,,,,,,,,,,,,,,,,,,,,,,,,,,,,,,,,,,,,,,,,,,,,,,,,,,,,,,,,,,,,,,,,,,,,,,,,,,,,,,,,,,,,,,,,,,,,,,,,,,,,,,,,,,,,,,,,,
bhupathikalpana,jahnvi,sribotla82,nagaraj,abed820,rahul24,lnaveen,sridhar142in,sbreddy,yphani,potluri9,jwala,karthikc,adeflux,mdnizam84,pavan26kp,harani,mini_moses,sairam,guttivishu,ranjithpadidala,harish,moturukh,radhikak,,,,,,,,,,,,,,,,,,,,,,,,,,,,,,,,,,,,,,,,,,,,,,,,,,,,,,,,,,,,,,,,,,,,,,,,,,,,,,,,,,,,,,,,,,,,,,,,,,,,,,,,,,,,,,,,,,,,,,,,,,,,,,,,,,,,,,,,,,,,,,,,,,,,,,,,,,,,,,,,,,,
lnaveen,gritters,raamsid,kotanaveen,ashfaq,potluri9,gsraghu,mini_moses,harish,,,,,,,,,,,,,,,,,,,,,,,,,,,,,,,,,,,,,,,,,,,,,,,,,,,,,,,,,,,,,,,,,,,,,,,,,,,,,,,,,,,,,,,,,,,,,,,,,,,,,,,,,,,,,,,,,,,,,,,,,,,,,,,,,,,,,,,,,,,,,,,,,,,,,,,,,,,,,,,,,,,,,,,,,,,,,,,,,,
sebricci,robin77i,Nicoinn,svedend,semetria,mikaelkv,tanzil,rozycki,Vel0th,bjnils,lukasvogl13,blubbe,anita80,t36,shamsa,bellmanz,gustbee,parizek,elyas,maxem,davidko,johoi,andrexx,krissboy,Bondu,mhci,gokberk,SwedishViking,dahir,mlelshei,saad,albynanu,,,,,,,,,,,,,,,,,,,,,,,,,,,,,,,,,,,,,,,,,,,,,,,,,,,,,,,,,,,,,,,,,,,,,,,,,,,,,,,,,,,,,,,,,,,,,,,,,,,,,,,,,,,,,,,,,,,,,,,,,,,,,,,,,,,,,,,,,,,,,,,,,,,,,,,,,,,
sebricci,robin77i,Nicoinn,svedend,semetria,mikaelkv,rozycki,tanzil,bjnils,lukasvogl13,blubbe,anita80,bellmanz,gustbee,elyas,parizek,maxem,davidko,johoi,andrexx,krissboy,gokberk,dahir,mlelshei,saad,albynanu,,,,,,,,,,,,,,,,,,,,,,,,,,,,,,,,,,,,,,,,,,,,,,,,,,,,,,,,,,,,,,,,,,,,,,,,,,,,,,,,,,,,,,,,,,,,,,,,,,,,,,,,,,,,,,,,,,,,,,,,,,,,,,,,,,,,,,,,,,,,,,,,,,,,,,,,,,,,,,,,,
avgust,quantumkapnob,jxx071000,syj1209,merrillfat,selina,,,,,,,,,,,,,,,,,,,,,,,,,,,,,,,,,,,,,,,,,,,,,,,,,,,,,,,,,,,,,,,,,,,,,,,,,,,,,,,,,,,,,,,,,,,,,,,,,,,,,,,,,,,,,,,,,,,,,,,,,,,,,,,,,,,,,,,,,,,,,,,,,,,,,,,,,,,,,,,,,,,,,,,,,,,,,,,,,,,,,
avgust,quantumkapnob,rpratiwadi,citizenbobusa,jxx071000,syj1209,ischopra,chucks79in,sarluke,hamid_9341,selina,,,,,,,,,,,,,,,,,,,,,,,,,,,,,,,,,,,,,,,,,,,,,,,,,,,,,,,,,,,,,,,,,,,,,,,,,,,,,,,,,,,,,,,,,,,,,,,,,,,,,,,,,,,,,,,,,,,,,,,,,,,,,,,,,,,,,,,,,,,,,,,,,,,,,,,,,,,,,,,,,,,,,,,,,,,,,,,,
avgust,rpratiwadi,citizenbobusa,chucks79in,hamid_9341,TheChunker,syj1209,,,,,,,,,,,,,,,,,,,,,,,,,,,,,,,,,,,,,,,,,,,,,,,,,,,,,,,,,,,,,,,,,,,,,,,,,,,,,,,,,,,,,,,,,,,,,,,,,,,,,,,,,,,,,,,,,,,,,,,,,,,,,,,,,,,,,,,,,,,,,,,,,,,,,,,,,,,,,,,,,,,,,,,,,,,,,,,,,,,,
divya,divsnvik,savi,vikram,gangadharan,deepthi,,,,,,,,,,,,,,,,,,,,,,,,,,,,,,,,,,,,,,,,,,,,,,,,,,,,,,,,,,,,,,,,,,,,,,,,,,,,,,,,,,,,,,,,,,,,,,,,,,,,,,,,,,,,,,,,,,,,,,,,,,,,,,,,,,,,,,,,,,,,,,,,,,,,,,,,,,,,,,,,,,,,,,,,,,,,,,,,,,,,,
divya,divsnvik,savi,vikram,gangadharan,deepthi,,,,,,,,,,,,,,,,,,,,,,,,,,,,,,,,,,,,,,,,,,,,,,,,,,,,,,,,,,,,,,,,,,,,,,,,,,,,,,,,,,,,,,,,,,,,,,,,,,,,,,,,,,,,,,,,,,,,,,,,,,,,,,,,,,,,,,,,,,,,,,,,,,,,,,,,,,,,,,,,,,,,,,,,,,,,,,,,,,,,,
divya,supreeya,savi,vikram,gangadharan,deepthi,,,,,,,,,,,,,,,,,,,,,,,,,,,,,,,,,,,,,,,,,,,,,,,,,,,,,,,,,,,,,,,,,,,,,,,,,,,,,,,,,,,,,,,,,,,,,,,,,,,,,,,,,,,,,,,,,,,,,,,,,,,,,,,,,,,,,,,,,,,,,,,,,,,,,,,,,,,,,,,,,,,,,,,,,,,,,,,,,,,,,
divya,divsnvik,supreeya,savi,vikram,gangadharan,deepthi,,,,,,,,,,,,,,,,,,,,,,,,,,,,,,,,,,,,,,,,,,,,,,,,,,,,,,,,,,,,,,,,,,,,,,,,,,,,,,,,,,,,,,,,,,,,,,,,,,,,,,,,,,,,,,,,,,,,,,,,,,,,,,,,,,,,,,,,,,,,,,,,,,,,,,,,,,,,,,,,,,,,,,,,,,,,,,,,,,,,
divya,divsnvik,supreeya,savi,vikram,gangadharan,deepthi,,,,,,,,,,,,,,,,,,,,,,,,,,,,,,,,,,,,,,,,,,,,,,,,,,,,,,,,,,,,,,,,,,,,,,,,,,,,,,,,,,,,,,,,,,,,,,,,,,,,,,,,,,,,,,,,,,,,,,,,,,,,,,,,,,,,,,,,,,,,,,,,,,,,,,,,,,,,,,,,,,,,,,,,,,,,,,,,,,,,
divya,divsnvik,supreeya,savi,vikram,gangadharan,deepthi,,,,,,,,,,,,,,,,,,,,,,,,,,,,,,,,,,,,,,,,,,,,,,,,,,,,,,,,,,,,,,,,,,,,,,,,,,,,,,,,,,,,,,,,,,,,,,,,,,,,,,,,,,,,,,,,,,,,,,,,,,,,,,,,,,,,,,,,,,,,,,,,,,,,,,,,,,,,,,,,,,,,,,,,,,,,,,,,,,,,
divya,divsnvik,supreeya,savi,vikram,gangadharan,deepthi,,,,,,,,,,,,,,,,,,,,,,,,,,,,,,,,,,,,,,,,,,,,,,,,,,,,,,,,,,,,,,,,,,,,,,,,,,,,,,,,,,,,,,,,,,,,,,,,,,,,,,,,,,,,,,,,,,,,,,,,,,,,,,,,,,,,,,,,,,,,,,,,,,,,,,,,,,,,,,,,,,,,,,,,,,,,,,,,,,,,
divya,divsnvik,supreeya,savi,vikram,gangadharan,deepthi,,,,,,,,,,,,,,,,,,,,,,,,,,,,,,,,,,,,,,,,,,,,,,,,,,,,,,,,,,,,,,,,,,,,,,,,,,,,,,,,,,,,,,,,,,,,,,,,,,,,,,,,,,,,,,,,,,,,,,,,,,,,,,,,,,,,,,,,,,,,,,,,,,,,,,,,,,,,,,,,,,,,,,,,,,,,,,,,,,,,
divya,divsnvik,supreeya,savi,vikram,gangadharan,deepthi,,,,,,,,,,,,,,,,,,,,,,,,,,,,,,,,,,,,,,,,,,,,,,,,,,,,,,,,,,,,,,,,,,,,,,,,,,,,,,,,,,,,,,,,,,,,,,,,,,,,,,,,,,,,,,,,,,,,,,,,,,,,,,,,,,,,,,,,,,,,,,,,,,,,,,,,,,,,,,,,,,,,,,,,,,,,,,,,,,,,
divya,divsnvik,supreeya,savi,vikram,gangadharan,deepthi,,,,,,,,,,,,,,,,,,,,,,,,,,,,,,,,,,,,,,,,,,,,,,,,,,,,,,,,,,,,,,,,,,,,,,,,,,,,,,,,,,,,,,,,,,,,,,,,,,,,,,,,,,,,,,,,,,,,,,,,,,,,,,,,,,,,,,,,,,,,,,,,,,,,,,,,,,,,,,,,,,,,,,,,,,,,,,,,,,,,
divya,divsnvik,supreeya,savi,vikram,gangadharan,deepthi,,,,,,,,,,,,,,,,,,,,,,,,,,,,,,,,,,,,,,,,,,,,,,,,,,,,,,,,,,,,,,,,,,,,,,,,,,,,,,,,,,,,,,,,,,,,,,,,,,,,,,,,,,,,,,,,,,,,,,,,,,,,,,,,,,,,,,,,,,,,,,,,,,,,,,,,,,,,,,,,,,,,,,,,,,,,,,,,,,,,
mmarkese,mjc222,Chisda,alicialoon,jrudoy,afasolinu,abartolai,afranklin,jasonmartens,ljordano,ssaddemi,ltrevino,wedmonds,tifalok,zsidik,jradcliffe,xlu,rsuffrin,agross,asi071,bvgregor,drhee,rbanakis,rtaylor,mmapodaca,dmondschean,djacobs,,,,,,,,,,,,,,,,,,,,,,,,,,,,,,,,,,,,,,,,,,,,,,,,,,,,,,,,,,,,,,,,,,,,,,,,,,,,,,,,,,,,,,,,,,,,,,,,,,,,,,,,,,,,,,,,,,,,,,,,,,,,,,,,,,,,,,,,,,,,,,,,,,,,,,,,,,,,,,,,
camasney,vktdm111,dlorenzini,rcwang,malperin,ewali,bugaboo0036,sramalingam,tgilbert,pkasen,Lgilbert,nshabeeb,htk351,hkim,jpez,jls914,kkurda,jholcomb,karkaputto,csieber,sstrasser,mpark,klee,cmehta,kmm134,aviollt,mike67876,glewis07,nflammer,lkoehler,alyu,dennisbluver,jnam,mwhitesides,djohanson,tgrant,mfritz,bscallon,kkim,mrr869,mlembo,ka,scai,twang23,alexjud,smishra,cleung,lidias,golightly112,quangcle,ruchino,catherine,ekennedy,relic12,nrastogi,mkevb1,clishea18,liangcui,ldsegall,cbernardo,dschuster,mquayyum,mayra,LidiaS,clawlor,peacful_joh,dmritard96,jclin,stephenachao,dkim,eabrams,egaray,jheide,ckusel,rmalecky,rsanchez,bkang,aloveridge,AlexMorgan,cyteng,srn779,akern,zbergman,ggadodia,cyu,lmason,nbasu,nbailey,nborzym,nnosavan,ssawlani,eah635,chrissemple,avohra,afr422,jcs311,stummala,emathieson,GreekKobe33,yatakui,darkmetal505,yah202,mldunham,cteng,gowens,tshastry,cellis,ku8809no,vincentchou,sumeethj,ashlyprincess,jfroberg,rbrock,jla906,kvargas,wfm289,lnezirova,hsiaochi,raga07,kjohnson,pforyt,jjs390,ggrocke,aml404,cchang,bbanss13,jheppermann,sbehnke,bebe,ahood,jra696,tgrimm17,jmbachu,dsutich,scope,stumuluru,kliu,pfellenz,kwhite,ncrenshaw,skatragadda,mikeispt108,axiao,dlc916,phanna,kwang,jcamden,udu358,cgarcia,jbenjy8,luyaozers,tchaudhry,rblee88,akileshhonasoge,jbanga,lholyoke,vkb217,olui,yfatemi,ccook,mmehta,ahu22b,cschonberg,jsk719,cblumen1,dpai,parkerjessup1,,,,,,,,,,,,,,,,,,,,
Fiorentini,mbraccioli,buldus2,marioguido,marcocampanati,gianni,,,,,,,,,,,,,,,,,,,,,,,,,,,,,,,,,,,,,,,,,,,,,,,,,,,,,,,,,,,,,,,,,,,,,,,,,,,,,,,,,,,,,,,,,,,,,,,,,,,,,,,,,,,,,,,,,,,,,,,,,,,,,,,,,,,,,,,,,,,,,,,,,,,,,,,,,,,,,,,,,,,,,,,,,,,,,,,,,,,,,
melkamu,behde_k,seifuassefa,Behde_K,Behde_k,damotg,,,,,,,,,,,,,,,,,,,,,,,,,,,,,,,,,,,,,,,,,,,,,,,,,,,,,,,,,,,,,,,,,,,,,,,,,,,,,,,,,,,,,,,,,,,,,,,,,,,,,,,,,,,,,,,,,,,,,,,,,,,,,,,,,,,,,,,,,,,,,,,,,,,,,,,,,,,,,,,,,,,,,,,,,,,,,,,,,,,,,
miguel1014182447,hp1717,ingridrodriguez,Jonas77,maomasvicio,MAOMASVICIO,jaguerrero,HP1717,porro,manchito,amapri,hmendez,,,,,,,,,,,,,,,,,,,,,,,,,,,,,,,,,,,,,,,,,,,,,,,,,,,,,,,,,,,,,,,,,,,,,,,,,,,,,,,,,,,,,,,,,,,,,,,,,,,,,,,,,,,,,,,,,,,,,,,,,,,,,,,,,,,,,,,,,,,,,,,,,,,,,,,,,,,,,,,,,,,,,,,,,,,,,,,
mohitgarg,waghswapnil,rohit123,ashish,sarath_kandalam,kishore_metra,Amal,,,,,,,,,,,,,,,,,,,,,,,,,,,,,,,,,,,,,,,,,,,,,,,,,,,,,,,,,,,,,,,,,,,,,,,,,,,,,,,,,,,,,,,,,,,,,,,,,,,,,,,,,,,,,,,,,,,,,,,,,,,,,,,,,,,,,,,,,,,,,,,,,,,,,,,,,,,,,,,,,,,,,,,,,,,,,,,,,,,,
mdsadiq,bhupathikalpana,ajay43,nagaraj,rahul24,radhikak,lnaveen,sridhar142in,ssahmed,sbreddy,yphani,potluri9,jwala,adeflux,mdnizam84,raamsid,pavan26kp,harani,mini_moses,sairam,guttivishu,pavansiu,ranjithpadidala,harish,praneet9,,,,,,,,,,,,,,,,,,,,,,,,,,,,,,,,,,,,,,,,,,,,,,,,,,,,,,,,,,,,,,,,,,,,,,,,,,,,,,,,,,,,,,,,,,,,,,,,,,,,,,,,,,,,,,,,,,,,,,,,,,,,,,,,,,,,,,,,,,,,,,,,,,,,,,,,,,,,,,,,,,
lnaveen,chsumanth14,mdsadiq,raamsid,bhupathikalpana,potluri9,khader_7786,pavan26kp,jahnvi,harani,mini_moses,agayathri,jwala,jprasun,moturukh,irshad,,,,,,,,,,,,,,,,,,,,,,,,,,,,,,,,,,,,,,,,,,,,,,,,,,,,,,,,,,,,,,,,,,,,,,,,,,,,,,,,,,,,,,,,,,,,,,,,,,,,,,,,,,,,,,,,,,,,,,,,,,,,,,,,,,,,,,,,,,,,,,,,,,,,,,,,,,,,,,,,,,,,,,,,,,,
federicomignani,bombardi,mbraccioli,buldus2,filippozangheri,sdonati,gdromu,marioguido,pinomaiuli,nicola_ing,esangiorgi,,,,,,,,,,,,,,,,,,,,,,,,,,,,,,,,,,,,,,,,,,,,,,,,,,,,,,,,,,,,,,,,,,,,,,,,,,,,,,,,,,,,,,,,,,,,,,,,,,,,,,,,,,,,,,,,,,,,,,,,,,,,,,,,,,,,,,,,,,,,,,,,,,,,,,,,,,,,,,,,,,,,,,,,,,,,,,,,
sebricci,robin77i,Nicoinn,svedend,mikaelkv,tanzil,rozycki,Vel0th,bjnils,blubbe,anita80,t36,Aemo,shamsa,bellmanz,gustbee,parizek,elyas,maxem,johoi,davidko,krissboy,gokberk,SwedishViking,mlelshei,saad,albynanu,,,,,,,,,,,,,,,,,,,,,,,,,,,,,,,,,,,,,,,,,,,,,,,,,,,,,,,,,,,,,,,,,,,,,,,,,,,,,,,,,,,,,,,,,,,,,,,,,,,,,,,,,,,,,,,,,,,,,,,,,,,,,,,,,,,,,,,,,,,,,,,,,,,,,,,,,,,,,,,,
petchow9348,cren,fitsumvt,CodeScript,rbeckner27,akyurtlu,michaelz,manhlee,pzellner,qhuynh,,,,,,,,,,,,,,,,,,,,,,,,,,,,,,,,,,,,,,,,,,,,,,,,,,,,,,,,,,,,,,,,,,,,,,,,,,,,,,,,,,,,,,,,,,,,,,,,,,,,,,,,,,,,,,,,,,,,,,,,,,,,,,,,,,,,,,,,,,,,,,,,,,,,,,,,,,,,,,,,,,,,,,,,,,,,,,,,,
shengliu,vijayfrancis7,tfcheng,jliu86,bclim,changwa,youngy,aaronl,eriki,idimen,tzonghan,jasonlin,rajmisra,xhl20,oliviawei,nikit,pardalan,dschou,hailiangmars,cdaigle,maduncan,talk2stars,tskim1,mullings,yenchuyang,erichoke,KoalaBlue1,ngyoung,alsune,mbibee,rbhobe,khm98,shuhu,tpslele,indepj,tila,dawsonwong,milesteg14,darylng,derek502,kosar,farazhb,jaccy,kknutson,jayparker,jwf,rawisraw,zhuzhouyuan02,yoneoka,tsewang,aniveditha,zihong,samehgalal,jrileyEE218,04925848a,jonrviper,vijayp,dseo80,lthoon,nitindua,hrlee,loudin,ytcheng,mayur20,srivats9117,npradhan,nefcy,,,,,,,,,,,,,,,,,,,,,,,,,,,,,,,,,,,,,,,,,,,,,,,,,,,,,,,,,,,,,,,,,,,,,,,,,,,,,,,,,,,,,,,,,,,,,,,,,,,,,,,,,,,,,,,,,,,,,,,,
cdaigle,kosar,hailiangmars,mullings,vijayp,jaccy,kknutson,dseo80,jayparker,rawisraw,eriki,mbibee,ytcheng,mayur20,nikit,,,,,,,,,,,,,,,,,,,,,,,,,,,,,,,,,,,,,,,,,,,,,,,,,,,,,,,,,,,,,,,,,,,,,,,,,,,,,,,,,,,,,,,,,,,,,,,,,,,,,,,,,,,,,,,,,,,,,,,,,,,,,,,,,,,,,,,,,,,,,,,,,,,,,,,,,,,,,,,,,,,,,,,,,,,,
chakanamja,petchow9348,cren,fitsumvt,ing_johanan,isomr3b51,michaelz,eyc610,agah,manhlee,pzellner,qhuynh,,,,,,,,,,,,,,,,,,,,,,,,,,,,,,,,,,,,,,,,,,,,,,,,,,,,,,,,,,,,,,,,,,,,,,,,,,,,,,,,,,,,,,,,,,,,,,,,,,,,,,,,,,,,,,,,,,,,,,,,,,,,,,,,,,,,,,,,,,,,,,,,,,,,,,,,,,,,,,,,,,,,,,,,,,,,,,,
shengliu,vijayfrancis7,arjun85,tfcheng,jliu86,bclim,changwa,youngy,aaronl,eriki,idimen,tzonghan,jasonlin,rajmisra,xhl20,oliviawei,nikit,pardalan,dschou,cdaigle,hailiangmars,maduncan,talk2stars,tskim1,mullings,yenchuyang,erichoke,KoalaBlue1,ngyoung,alsune,mbibee,rbhobe,khm98,shuhu,tpslele,indepj,tila,dawsonwong,milesteg14,elaineo,darylng,derek502,yongpark,kosar,farazhb,jaccy,kknutson,jayparker,jwf,rawisraw,ee94040,zhuzhouyuan02,yoneoka,jprao,tsewang,aniveditha,zihong,jrileyEE218,samehgalal,jeonjin7,04925848a,jonrviper,vijayp,dseo80,lthoon,akpec,nitindua,Zihong,hrlee,ytcheng,mayur20,srivats9117,npradhan,nefcy,,,,,,,,,,,,,,,,,,,,,,,,,,,,,,,,,,,,,,,,,,,,,,,,,,,,,,,,,,,,,,,,,,,,,,,,,,,,,,,,,,,,,,,,,,,,,,,,,,,,,,,,,,,,,,,,,
shengliu,vijayfrancis7,arjun85,tfcheng,jliu86,bclim,changwa,youngy,aaronl,eriki,idimen,tzonghan,jasonlin,rajmisra,xhl20,oliviawei,nikit,pardalan,dschou,hailiangmars,maduncan,talk2stars,tskim1,mullings,yenchuyang,erichoke,KoalaBlue1,ngyoung,alsune,rbhobe,khm98,shuhu,tpslele,tila,indepj,elaineo,darylng,derek502,yongpark,kosar,farazhb,jaccy,kknutson,jayparker,rawisraw,jwf,ee94040,zhuzhouyuan02,yoneoka,jprao,tsewang,aniveditha,zihong,jrileyEE218,samehgalal,jeonjin7,04925848a,jonrviper,vijayp,dseo80,lthoon,akpec,nitindua,Zihong,Allans123,hrlee,ytcheng,mayur20,srivats9117,npradhan,nefcy,,,,,,,,,,,,,,,,,,,,,,,,,,,,,,,,,,,,,,,,,,,,,,,,,,,,,,,,,,,,,,,,,,,,,,,,,,,,,,,,,,,,,,,,,,,,,,,,,,,,,,,,,,,,,,,,,,,,
cgoldschmidt,mmarkese,mjc222,Chisda,cal321,alicialoon,jrudoy,afasolinu,abartolai,willybaw,mhartrich,afranklin,chisda,jasonmartens,alice,ljordano,alyszczarz,tgadzikwa,ssaddemi,nathancboren,ltrevino,darkslayer13,slhatch,chngnisbbgy,sifatshahjahan,tifalok,zsidik,jradcliffe,xlu,djacobs,aos422,nonhub1122,jroden,choel,agross,amunoz,asi071,bvgregor,drhee,rbanakis,mrosenberg,christian,mmapodaca,dmondschean,tejerina,,,,,,,,,,,,,,,,,,,,,,,,,,,,,,,,,,,,,,,,,,,,,,,,,,,,,,,,,,,,,,,,,,,,,,,,,,,,,,,,,,,,,,,,,,,,,,,,,,,,,,,,,,,,,,,,,,,,,,,,,,,,,,,,,,,,,,,,,,,,,,
xge,jloffeld,egwolf,pkvalava,schiu,nanohub2,,,,,,,,,,,,,,,,,,,,,,,,,,,,,,,,,,,,,,,,,,,,,,,,,,,,,,,,,,,,,,,,,,,,,,,,,,,,,,,,,,,,,,,,,,,,,,,,,,,,,,,,,,,,,,,,,,,,,,,,,,,,,,,,,,,,,,,,,,,,,,,,,,,,,,,,,,,,,,,,,,,,,,,,,,,,,,,,,,,,,
camasney,vktdm111,dlorenzini,rcwang,malperin,ewali,bugaboo0036,tgilbert,tjohnson,sramalingam,pkasen,Lgilbert,nshabeeb,htk351,hkim,jpez,jls914,kkurda,jholcomb,karkaputto,sstrasser,csieber,frizz1010,lbettag,mpark,shezzoid542,klee,cmehta,kmm134,kpmarcelino,aviollt,mike67876,glewis07,nflammer,lkoehler,alyu,dennisbluver,sarvis,jnam,mwhitesides,djohanson,tgrant,mfritz,bscallon,kkim,mrr869,cwa653,mlembo,ka,scai,twang23,lhan,alexjud,nsyed,cleung,lidias,golightly112,ras446,quangcle,catherine,ruchino,ekennedy,relic12,nrastogi,aha552,mkevb1,clishea18,ldsegall,liangcui,lfredin,ayousef,JCLIN,cbernardo,dschuster,mquayyum,LidiaS,mayra,clawlor,peacful_joh,Peacful_Joh,dmritard96,jclin,stephenachao,dkim,eabrams,egaray,jbenjy88,jheide,ckusel,rmalecky,rsanchez,bkang,AlexMorgan,srn779,akern,zbergman,mmapodaca,ggadodia,cyu,lmason,nbasu,nborzym,nnosavan,ssawlani,iabdala,eah635,chrissemple,avohra,afr422,achen,jcs311,emathieson,yatakui,darkmetal505,cteng,slhatch,tshastry,cellis,ku8809no,sumeethj,kpie1,Sbehnke,ashlyprincess,jfroberg,rbrock,sespinoza2589,jla906,kvargas,wfm289,lnezirova,hsiaochi,raga07,jroden,kjohnson,pforyt,aml404,jjs390,ggrocke,cchang,bbanss13,NBailey,jheppermann,goh07,sbehnke,bebe,ahood,tgrimm17,jmbachu,dsutich,abhatt2007,scope,stumuluru,kliu,etrivedi,pfellenz,dsm661,icharles,KA,ahu22B,kwhite,ncrenshaw,skatragadda,mikeispt108,axiao,dlc916,phanna,kwang,cgarcia,jbenjy8,luyaozers,tchaudhry,rblee88,csprangers,akileshhonasoge,jbanga,lholyoke,vkb217,olui,ccook,yfatemi,mmehta,ahu22b,cschonberg,jsk719,cblumen1,dpai,parkerjessup1
heatherw,cmaikens,ahadley,ejblaesi,klang85,Molly_Kuhlman,j_carver2005,ejm,,,,,,,,,,,,,,,,,,,,,,,,,,,,,,,,,,,,,,,,,,,,,,,,,,,,,,,,,,,,,,,,,,,,,,,,,,,,,,,,,,,,,,,,,,,,,,,,,,,,,,,,,,,,,,,,,,,,,,,,,,,,,,,,,,,,,,,,,,,,,,,,,,,,,,,,,,,,,,,,,,,,,,,,,,,,,,,,,,,
mdsadiq,kotanaveen,sribotla82,abed820,rahul24,yphani,ashfaq,potluri9,jwala,karthikc,adeflux,rakeshk,mdnizam84,harani,mini_moses,sairam,guttivishu,ranjithpadidala,harish,radhikak,,,,,,,,,,,,,,,,,,,,,,,,,,,,,,,,,,,,,,,,,,,,,,,,,,,,,,,,,,,,,,,,,,,,,,,,,,,,,,,,,,,,,,,,,,,,,,,,,,,,,,,,,,,,,,,,,,,,,,,,,,,,,,,,,,,,,,,,,,,,,,,,,,,,,,,,,,,,,,,,,,,,,,,
rakeshk,sbreddy,kotanaveen,ashfaq,khader_7786,guttivishu,sribotla82,raj7_singhania,mini_moses,abed820,jwala,irshad,rahul24,harish,,,,,,,,,,,,,,,,,,,,,,,,,,,,,,,,,,,,,,,,,,,,,,,,,,,,,,,,,,,,,,,,,,,,,,,,,,,,,,,,,,,,,,,,,,,,,,,,,,,,,,,,,,,,,,,,,,,,,,,,,,,,,,,,,,,,,,,,,,,,,,,,,,,,,,,,,,,,,,,,,,,,,,,,,,,,,
jonasdue,Pikachu,hoomie,s042463,yoda,crapy,eskrut,paw,maksimz,mabazain,s042201,chris100,EnthusiasticStudent,nanomads,s042570,johan,hildur,ToBeAss,mibole,dirac1928,nierhoff,paoloween,s042515,seb6006,krugster,,,,,,,,,,,,,,,,,,,,,,,,,,,,,,,,,,,,,,,,,,,,,,,,,,,,,,,,,,,,,,,,,,,,,,,,,,,,,,,,,,,,,,,,,,,,,,,,,,,,,,,,,,,,,,,,,,,,,,,,,,,,,,,,,,,,,,,,,,,,,,,,,,,,,,,,,,,,,,,,,,
mdsadiq,bhupathikalpana,kotanaveen,khader_7786,ajay43,jahnvi,bharatsainani,sribotla82,gsraghu,nagaraj,abed820,rahul24,radhikak,lnaveen,ssahmed,sbreddy,chsumanth14,yphani,ashfaq,potluri9,jwala,irshad,karthikc,umechelimila,adeflux,rakeshk,raamsid,kajalpatil,pavan26kp,harani,mini_moses,rajanim,sairam,guttivishu,pavansiu,agayathri,ranjithpadidala,esteenbe,harish,moturukh,praneet9,,,,,,,,,,,,,,,,,,,,,,,,,,,,,,,,,,,,,,,,,,,,,,,,,,,,,,,,,,,,,,,,,,,,,,,,,,,,,,,,,,,,,,,,,,,,,,,,,,,,,,,,,,,,,,,,,,,,,,,,,,,,,,,,,,,,,,,,,,,,,,,,,,
srivatsaaithal,nipunchaplot,Huskerfan333,anupsasikumar,sairaghunath,Trupthi,ericdailey,xoai479,myztical7,melissalili,Vasileska,prabhubharathan,tejbelagodu,rmdong,aluby,cjlasu,achalk,zwfchopin,jcharri1,jmnunez1,teresawei221,esteenbe,gokulaka,lazafq123,anandecy3035,nsashraf,,,,,,,,,,,,,,,,,,,,,,,,,,,,,,,,,,,,,,,,,,,,,,,,,,,,,,,,,,,,,,,,,,,,,,,,,,,,,,,,,,,,,,,,,,,,,,,,,,,,,,,,,,,,,,,,,,,,,,,,,,,,,,,,,,,,,,,,,,,,,,,,,,,,,,,,,,,,,,,,,
lnaveen,yphani,bhupathikalpana,kotanaveen,ashfaq,kajal1,jahnvi,jwala,mini_moses,abed820,agayathri,rahul24,harish,radhikak,,,,,,,,,,,,,,,,,,,,,,,,,,,,,,,,,,,,,,,,,,,,,,,,,,,,,,,,,,,,,,,,,,,,,,,,,,,,,,,,,,,,,,,,,,,,,,,,,,,,,,,,,,,,,,,,,,,,,,,,,,,,,,,,,,,,,,,,,,,,,,,,,,,,,,,,,,,,,,,,,,,,,,,,,,,,,
lnaveen,scsong71,kotanaveen,jingjing,raamsid,bhupathikalpana,ranjithpadidala,harish,moturukh,,,,,,,,,,,,,,,,,,,,,,,,,,,,,,,,,,,,,,,,,,,,,,,,,,,,,,,,,,,,,,,,,,,,,,,,,,,,,,,,,,,,,,,,,,,,,,,,,,,,,,,,,,,,,,,,,,,,,,,,,,,,,,,,,,,,,,,,,,,,,,,,,,,,,,,,,,,,,,,,,,,,,,,,,,,,,,,,,,
pcg53747,eric197542,beznp,tarks,getchar,deathsosth,,,,,,,,,,,,,,,,,,,,,,,,,,,,,,,,,,,,,,,,,,,,,,,,,,,,,,,,,,,,,,,,,,,,,,,,,,,,,,,,,,,,,,,,,,,,,,,,,,,,,,,,,,,,,,,,,,,,,,,,,,,,,,,,,,,,,,,,,,,,,,,,,,,,,,,,,,,,,,,,,,,,,,,,,,,,,,,,,,,,,
pcg53747,eric197542,beznp,tarks,eencnudon,deathsosth,,,,,,,,,,,,,,,,,,,,,,,,,,,,,,,,,,,,,,,,,,,,,,,,,,,,,,,,,,,,,,,,,,,,,,,,,,,,,,,,,,,,,,,,,,,,,,,,,,,,,,,,,,,,,,,,,,,,,,,,,,,,,,,,,,,,,,,,,,,,,,,,,,,,,,,,,,,,,,,,,,,,,,,,,,,,,,,,,,,,,
pcg53747,apaphix,eric197542,tcyeh,beznp,tarks,Littleh,LKy,eencnudon,cloud,getchar,hwcheng,deathsosth,graphalgo,,,,,,,,,,,,,,,,,,,,,,,,,,,,,,,,,,,,,,,,,,,,,,,,,,,,,,,,,,,,,,,,,,,,,,,,,,,,,,,,,,,,,,,,,,,,,,,,,,,,,,,,,,,,,,,,,,,,,,,,,,,,,,,,,,,,,,,,,,,,,,,,,,,,,,,,,,,,,,,,,,,,,,,,,,,,,
ftempasuedu,kdeepak1984,jingjing,sbaliga,sarathcpt,kchandr5,panrets,rmh724,coffeemate,asgoerni,bharanr,bpadman1,ahossai,,,,,,,,,,,,,,,,,,,,,,,,,,,,,,,,,,,,,,,,,,,,,,,,,,,,,,,,,,,,,,,,,,,,,,,,,,,,,,,,,,,,,,,,,,,,,,,,,,,,,,,,,,,,,,,,,,,,,,,,,,,,,,,,,,,,,,,,,,,,,,,,,,,,,,,,,,,,,,,,,,,,,,,,,,,,,,
sukwanto,lrabieir,pbayuart,makimaya,tigertear,,,,,,,,,,,,,,,,,,,,,,,,,,,,,,,,,,,,,,,,,,,,,,,,,,,,,,,,,,,,,,,,,,,,,,,,,,,,,,,,,,,,,,,,,,,,,,,,,,,,,,,,,,,,,,,,,,,,,,,,,,,,,,,,,,,,,,,,,,,,,,,,,,,,,,,,,,,,,,,,,,,,,,,,,,,,,,,,,,,,,,
pbayuart,npaulraj,anascimejr,anandg112,makimaya,sukwanto,,,,,,,,,,,,,,,,,,,,,,,,,,,,,,,,,,,,,,,,,,,,,,,,,,,,,,,,,,,,,,,,,,,,,,,,,,,,,,,,,,,,,,,,,,,,,,,,,,,,,,,,,,,,,,,,,,,,,,,,,,,,,,,,,,,,,,,,,,,,,,,,,,,,,,,,,,,,,,,,,,,,,,,,,,,,,,,,,,,,,
nasaman02,kmsj2,sdials,npaulraj,tallxcrunner,simy,jgu,apradhan,boilerjh,anascimejr,kjharrin,bcaulkin,smchaudh,rsdeford,dakezi,pnice,cchong,pakighunda,leoromanovsky,kim131,,,,,,,,,,,,,,,,,,,,,,,,,,,,,,,,,,,,,,,,,,,,,,,,,,,,,,,,,,,,,,,,,,,,,,,,,,,,,,,,,,,,,,,,,,,,,,,,,,,,,,,,,,,,,,,,,,,,,,,,,,,,,,,,,,,,,,,,,,,,,,,,,,,,,,,,,,,,,,,,,,,,,,,
wizdh,nosonwan,cberrios,dakezi,mcrew,jrieger,boilerjh,kmsj2,jwetheri,arteliad,tigertear,,,,,,,,,,,,,,,,,,,,,,,,,,,,,,,,,,,,,,,,,,,,,,,,,,,,,,,,,,,,,,,,,,,,,,,,,,,,,,,,,,,,,,,,,,,,,,,,,,,,,,,,,,,,,,,,,,,,,,,,,,,,,,,,,,,,,,,,,,,,,,,,,,,,,,,,,,,,,,,,,,,,,,,,,,,,,,,,
snikitha,jostendo,dakezi,rlacy,mcrew,msrivas,tfrye,npaulraj,anandg112,kmsj2,saxep01,tigertear,,,,,,,,,,,,,,,,,,,,,,,,,,,,,,,,,,,,,,,,,,,,,,,,,,,,,,,,,,,,,,,,,,,,,,,,,,,,,,,,,,,,,,,,,,,,,,,,,,,,,,,,,,,,,,,,,,,,,,,,,,,,,,,,,,,,,,,,,,,,,,,,,,,,,,,,,,,,,,,,,,,,,,,,,,,,,,,
yi0,sbach,monguin,jrieger,jwetheri,,,,,,,,,,,,,,,,,,,,,,,,,,,,,,,,,,,,,,,,,,,,,,,,,,,,,,,,,,,,,,,,,,,,,,,,,,,,,,,,,,,,,,,,,,,,,,,,,,,,,,,,,,,,,,,,,,,,,,,,,,,,,,,,,,,,,,,,,,,,,,,,,,,,,,,,,,,,,,,,,,,,,,,,,,,,,,,,,,,,,,
scyther314159,omen,sunnyleekr,wang159,samarthagarwal,,,,,,,,,,,,,,,,,,,,,,,,,,,,,,,,,,,,,,,,,,,,,,,,,,,,,,,,,,,,,,,,,,,,,,,,,,,,,,,,,,,,,,,,,,,,,,,,,,,,,,,,,,,,,,,,,,,,,,,,,,,,,,,,,,,,,,,,,,,,,,,,,,,,,,,,,,,,,,,,,,,,,,,,,,,,,,,,,,,,,,
scyther314159,omen,paul_nano_tran,samarthagarwal,ricktest,strachan,elec1020,mmc,iyums,kennell,,,,,,,,,,,,,,,,,,,,,,,,,,,,,,,,,,,,,,,,,,,,,,,,,,,,,,,,,,,,,,,,,,,,,,,,,,,,,,,,,,,,,,,,,,,,,,,,,,,,,,,,,,,,,,,,,,,,,,,,,,,,,,,,,,,,,,,,,,,,,,,,,,,,,,,,,,,,,,,,,,,,,,,,,,,,,,,,,
yiwang,yangxu,mmc,pmartin7,zenmei,mohamed,dmattson,zhijian,chennima,jodell,egwolf,nanohub2,alexenko,macjr,andreyk,xge,michaelcolvin,pkvalava,JLoffeld,leoh,jloffeld,hyoon3,bhaley,schiu,diaojiankuai,mmccull,,,,,,,,,,,,,,,,,,,,,,,,,,,,,,,,,,,,,,,,,,,,,,,,,,,,,,,,,,,,,,,,,,,,,,,,,,,,,,,,,,,,,,,,,,,,,,,,,,,,,,,,,,,,,,,,,,,,,,,,,,,,,,,,,,,,,,,,,,,,,,,,,,,,,,,,,,,,,,,,,
omen,ricktest,elec1020,iyums,kennell,augustcharles,,,,,,,,,,,,,,,,,,,,,,,,,,,,,,,,,,,,,,,,,,,,,,,,,,,,,,,,,,,,,,,,,,,,,,,,,,,,,,,,,,,,,,,,,,,,,,,,,,,,,,,,,,,,,,,,,,,,,,,,,,,,,,,,,,,,,,,,,,,,,,,,,,,,,,,,,,,,,,,,,,,,,,,,,,,,,,,,,,,,,
sunnyleekr,paul_nano_tran,samarthagarwal,ricktest,akangarl,elec1020,kennell,snowwitje,augustcharles,shuiqing,,,,,,,,,,,,,,,,,,,,,,,,,,,,,,,,,,,,,,,,,,,,,,,,,,,,,,,,,,,,,,,,,,,,,,,,,,,,,,,,,,,,,,,,,,,,,,,,,,,,,,,,,,,,,,,,,,,,,,,,,,,,,,,,,,,,,,,,,,,,,,,,,,,,,,,,,,,,,,,,,,,,,,,,,,,,,,,,,
paul_nano_tran,samarthagarwal,elec1020,jouyang,augustcharles,,,,,,,,,,,,,,,,,,,,,,,,,,,,,,,,,,,,,,,,,,,,,,,,,,,,,,,,,,,,,,,,,,,,,,,,,,,,,,,,,,,,,,,,,,,,,,,,,,,,,,,,,,,,,,,,,,,,,,,,,,,,,,,,,,,,,,,,,,,,,,,,,,,,,,,,,,,,,,,,,,,,,,,,,,,,,,,,,,,,,,
sriniva0,omen,sunnyleekr,paul_nano_tran,samarthagarwal,elec1020,kbevan,bhaley,usman,kennell,jouyang,wongchen,park43,augustcharles,kim482,,,,,,,,,,,,,,,,,,,,,,,,,,,,,,,,,,,,,,,,,,,,,,,,,,,,,,,,,,,,,,,,,,,,,,,,,,,,,,,,,,,,,,,,,,,,,,,,,,,,,,,,,,,,,,,,,,,,,,,,,,,,,,,,,,,,,,,,,,,,,,,,,,,,,,,,,,,,,,,,,,,,,,,,,,,,
acc,samarthagarwal,elec1020,kbevan,vrinside,tejerina,,,,,,,,,,,,,,,,,,,,,,,,,,,,,,,,,,,,,,,,,,,,,,,,,,,,,,,,,,,,,,,,,,,,,,,,,,,,,,,,,,,,,,,,,,,,,,,,,,,,,,,,,,,,,,,,,,,,,,,,,,,,,,,,,,,,,,,,,,,,,,,,,,,,,,,,,,,,,,,,,,,,,,,,,,,,,,,,,,,,,
omen,ckilroy,rrahman,saumitra,kennell,kim482,aviksarkar,laelaf,wang159,acc,ricktest,zooley,usman,kostmo,samarthagarwal,vrinside,elec1020,gah,tejerina,augustcharles,gaoyunfei,rpjaiswal,kkuriyan,,,,,,,,,,,,,,,,,,,,,,,,,,,,,,,,,,,,,,,,,,,,,,,,,,,,,,,,,,,,,,,,,,,,,,,,,,,,,,,,,,,,,,,,,,,,,,,,,,,,,,,,,,,,,,,,,,,,,,,,,,,,,,,,,,,,,,,,,,,,,,,,,,,,,,,,,,,,,,,,,,,,
xni,ckilroy,saumitra,apalaria,ncsachen,aviksarkar,jrosheck,joeringg,dkearney,wang159,acc,jmelcher,kim568,swoop,nkissebe,ricktest,usman,paul_nano_tran,bramesh,samarthagarwal,vrinside,shsu,rez,gah,bhaley,augustcharles,gaoyunfei,rpjaiswal,kkuriyan,,,,,,,,,,,,,,,,,,,,,,,,,,,,,,,,,,,,,,,,,,,,,,,,,,,,,,,,,,,,,,,,,,,,,,,,,,,,,,,,,,,,,,,,,,,,,,,,,,,,,,,,,,,,,,,,,,,,,,,,,,,,,,,,,,,,,,,,,,,,,,,,,,,,,,,,,,,,,,
yangxu,leoh,macjr,diaojiankuai,rmashl,jodell,mmc,agodoymedina,bhaley,pkvalava,schiu,nanohub2,zenmei,mohamed,mmccull,alexenko,,,,,,,,,,,,,,,,,,,,,,,,,,,,,,,,,,,,,,,,,,,,,,,,,,,,,,,,,,,,,,,,,,,,,,,,,,,,,,,,,,,,,,,,,,,,,,,,,,,,,,,,,,,,,,,,,,,,,,,,,,,,,,,,,,,,,,,,,,,,,,,,,,,,,,,,,,,,,,,,,,,,,,,,,,,
neophyto,pjyoti,clarksm,jmelcher,marisol,,,,,,,,,,,,,,,,,,,,,,,,,,,,,,,,,,,,,,,,,,,,,,,,,,,,,,,,,,,,,,,,,,,,,,,,,,,,,,,,,,,,,,,,,,,,,,,,,,,,,,,,,,,,,,,,,,,,,,,,,,,,,,,,,,,,,,,,,,,,,,,,,,,,,,,,,,,,,,,,,,,,,,,,,,,,,,,,,,,,,,
sunnyleekr,rrahman,wang159,elec1020,augustcharles,kim482,,,,,,,,,,,,,,,,,,,,,,,,,,,,,,,,,,,,,,,,,,,,,,,,,,,,,,,,,,,,,,,,,,,,,,,,,,,,,,,,,,,,,,,,,,,,,,,,,,,,,,,,,,,,,,,,,,,,,,,,,,,,,,,,,,,,,,,,,,,,,,,,,,,,,,,,,,,,,,,,,,,,,,,,,,,,,,,,,,,,,
sunnyleekr,rrahman,elec1020,kennell,augustcharles,kim482,,,,,,,,,,,,,,,,,,,,,,,,,,,,,,,,,,,,,,,,,,,,,,,,,,,,,,,,,,,,,,,,,,,,,,,,,,,,,,,,,,,,,,,,,,,,,,,,,,,,,,,,,,,,,,,,,,,,,,,,,,,,,,,,,,,,,,,,,,,,,,,,,,,,,,,,,,,,,,,,,,,,,,,,,,,,,,,,,,,,,
