user,class_id,parti_rate
meansjared,0,0.5
cyocom,0,0.5
meganhigley11,0,0.5
shenyidi2012,0,1.0
crock,0,0.5
vanadium,0,1.0
yyang2,0,0.5
xixi_guo,0,0.5
wangy1990,0,1.0
toby_black,0,0.5
jingzhang,0,1.0
ashish_kasar,0,1.0
eastinje,1,1.0
bballben417,1,0.5
boucheag,1,1.0
mark.s.mckee,1,1.0
rehraa5,1,1.0
macdonmk,1,0.5
zachshue98,1,1.0
noyesjf,1,1.0
critcha,1,1.0
basilefg,1,1.0
samuel.j.super,1,1.0
andrew.albert,1,1.0
ericshanahan,1,1.0
liptacj,1,1.0
gw014425,1,0.5
dougla1,1,0.5
jamesmkirk28,1,1.0
jamese3,1,1.0
valentjg,1,0.5
carlsam1,1,1.0
dana.bandi,1,0.5
lorenzo.benatti,2,1.0
enrico876,2,1.0
alessiobevilacqua,2,1.0
gi.ga212,2,1.0
rubenasa,2,1.0
stefano.righi1994,2,1.0
bpitcla,3,1.0
reuben.mathew1995,3,1.0
khhsu0724,3,1.0
ascherr,3,1.0
yarbrough.josiah,3,1.0
marcjaikissoon,3,1.0
solomontolu5,3,1.0
ruining2,3,1.0
bymbaa6789,4,0.7142857142857143
dulguun1,4,0.7142857142857143
god4host0918,4,0.14285714285714285
ss0249571,4,0.42857142857142855
nymkan756,4,0.14285714285714285
tornado_u,4,0.14285714285714285
dshinwes,4,0.2857142857142857
gundalai2000,4,0.7142857142857143
delgermaa,4,0.14285714285714285
bodio955,4,0.2857142857142857
battulga9192,4,0.7142857142857143
davaa.byambasuren14,4,0.2857142857142857
munkherdene593,4,0.7142857142857143
heroaxe.0701,4,0.14285714285714285
muujig1,4,0.14285714285714285
oogii1998,4,0.14285714285714285
ulziibaatar0324,4,0.2857142857142857
tengis,4,0.14285714285714285
ubatbilig99,4,0.5714285714285714
g.munkherdene13,4,0.5714285714285714
puujeeulzii2,4,0.5714285714285714
svhbat98,4,0.14285714285714285
sdeegiimaa,4,0.42857142857142855
bz_5657,4,0.14285714285714285
anudarid6,4,0.42857142857142855
sdelgermaa47,4,0.14285714285714285
watashi.legion,4,0.2857142857142857
anar,4,0.2857142857142857
t.byambadorj0282,4,0.42857142857142855
ext2a96,4,0.14285714285714285
sumyafire1,4,1.0
tsendee,4,0.2857142857142857
bat0407,4,0.2857142857142857
jmc7066,5,1.0
mikeyu1997,5,0.5
cjw5647,5,0.5
mxl5509,5,0.5
yvy5250,5,1.0
saa5966,5,0.5
fjj5032,5,0.5
cannansong,5,0.5
rsc5261,5,0.5
sxn266,5,1.0
tzt74,5,0.5
e78yui,5,0.5
jmw6448,5,1.0
hkz5032,5,0.5
kxz172,5,0.5
jaw6297,5,0.5
rqm5425,5,1.0
erick.padilla,6,1.0
jose.trujillo,6,1.0
armando.martinez,6,1.0
manuel.guel,6,1.0
jesus.lozano,6,1.0
luz.valtierra,6,1.0
luis.ascencio,6,1.0
mauricio.lopez,6,1.0
daniel.camacho,6,1.0
bymbaa6789,7,1.0
dulguun1,7,1.0
god4host0918,7,1.0
ss0249571,7,1.0
nymkan756,7,1.0
dshinwes,7,1.0
gundalai2000,7,1.0
delgermaa,7,1.0
battulga9192,7,1.0
munkherdene593,7,1.0
oogii1998,7,1.0
ulziibaatar0324,7,1.0
ubatbilig99,7,1.0
puujeeulzii2,7,1.0
sdeegiimaa,7,1.0
bz_5657,7,1.0
anudarid6,7,1.0
watashi.legion,7,1.0
t.byambadorj0282,7,1.0
sumyafire1,7,1.0
tsendee,7,1.0
bat0407,7,1.0
siao,8,1.0
zl2513,8,1.0
lh2754,8,1.0
kmamaniya,8,1.0
arunparth,8,1.0
shubham.mahalank,8,1.0
ytsong95,8,1.0
sdyfbew,8,1.0
ac7431,8,1.0
mr4425,8,1.0
as12033,8,1.0
weekmooz,8,1.0
zh1246,8,1.0
rc2975nyu,8,1.0
emilygroves18908496,9,1.0
seeyoong,9,1.0
ltu18935122,9,1.0
preet58,9,1.0
liamjthomson18948389,9,1.0
navjinder12,9,1.0
bgutierrez,10,0.5
luzvani,10,0.5
erick.padilla,10,1.0
jose.trujillo,10,1.0
armando.martinez,10,1.0
manuel.guel,10,1.0
jesus.lozano,10,1.0
cesar.sanchez,10,1.0
luz.valtierra,10,0.5
luis.ascencio,10,1.0
mauricio.lopez,10,1.0
daniel.camacho,10,1.0
mpa102915,11,0.375
carmenvelazquez6,11,1.0
marinac1997,11,0.875
jomaes1997,11,0.375
carlosisgg97,11,0.875
albaortolan,11,0.75
henawho,11,0.875
pachecomyri,11,0.375
garciarivas97,11,0.125
pedrogs12,11,0.875
elenarg,11,0.5
rociosg97,11,0.875
abalro75,11,0.875
zacagonzalez96,11,0.375
marinagonzalezpena10,11,0.625
angelg844,11,0.875
lolbelram,11,0.5
lbh6294,11,0.5
martin10p,11,0.5
mrrayman5,11,0.5
bbaquerizo,11,0.625
miguelr.r.galan,11,0.125
trianatc,11,0.75
carlosclaragg,11,0.125
moreparaya,11,0.875
franrod.3viso,11,0.375
mery2anervion,11,0.375
rgelena3,11,0.5
saraolivares95,11,0.75
nandoroldi,11,0.25
javiersalazarmoreno97,11,0.625
gines,11,0.875
claracaballero23,11,0.375
juliandocev15868,12,1.0
damitepl,12,1.0
garx,12,1.0
felivitullo87,12,1.0
jipiccardi,12,1.0
spazos,12,1.0
nowapoca,12,1.0
pablosaavedra,12,1.0
adh30,12,1.0
ypp200,13,0.5
xxlilmontysignxx,13,0.5
dancastaneda,13,0.5
jpmcgee98,13,1.0
jaimefookinlannister,13,0.5
haclarke,13,1.0
bflores18,13,0.5
jtorres17,13,0.5
atharva98,13,0.5
michaelsaldana1,13,0.5
oishikfaruque,13,0.5
sdehoyos47,13,0.5
e1150590,13,0.5
ematson5897,13,1.0
dhodapp,13,1.0
elad.d,13,0.5
nolmos96,13,0.5
hamidausat,13,0.5
amani12345,13,0.5
ahern0722,13,0.5
saipraneett,13,0.5
ethanmorse,13,1.0
tdubnansky6,13,0.5
mjgebara14,13,0.5
kanet1234,13,0.5
darielysp,13,0.5
anibarseghyan,13,0.5
brannon44,13,0.5
michael.mechelay,13,1.0
alexisdixon6,13,0.5
lobwedge,13,1.0
j.haliburton,13,1.0
wowmuchchuck,13,0.5
luciano.brignone,13,0.5
aishu98,13,0.5
kaustubh.shirpurkar,13,1.0
rxtodd,13,0.5
lderemo,13,0.5
onaam8,13,0.5
billsnow,13,0.5
ryanboucher,13,1.0
c.a.stupka,13,1.0
ericrobles,13,0.5
tbryan,13,0.5
samashraf1,13,0.5
teoster50,13,0.5
sanchjai,13,0.5
aboone06,13,1.0
javierisma98,13,0.5
kason.carroll,13,0.5
melaniejkramer,13,1.0
aaq,13,0.5
cburke2020,13,0.5
jbaggie2019,13,0.5
alancantu57,13,0.5
c1650713,13,0.5
acn562,13,0.5
mavanzato0418,13,0.5
luciano.brignone,14,1.0
valeria.delgadorusso,14,1.0
jairgnzlz1698,14,1.0
atharva98,14,1.0
alancantu57,14,1.0
nayanpatel98,14,1.0
adhityaven,14,1.0
elad.d,14,1.0
alexisdixon6,14,1.0
francarpio96,15,1.0
jesasa1,15,1.0
beatrizsp,15,1.0
luiscamu,15,1.0
josecarlos,15,1.0
juanfran974,15,1.0
ireparsi,15,1.0
adrrommun,15,1.0
anthongomez97,15,1.0
alecorti.pardo,16,1.0
iago,16,1.0
isabelmaria.vazquez,16,1.0
adriangarea,16,1.0
helenalecoq97,16,1.0
efrenhub,16,1.0
alidsjt,16,1.0
david.garrido,16,1.0
mateocampos,16,1.0
alimatama,16,1.0
hermidaitor,16,1.0
acregodean,16,1.0
tonybocadillosgrandes,16,1.0
anxovidal8,16,1.0
ledicia97,16,1.0
amparo.castro.96,16,1.0
siemprewowthechami,16,1.0
alberfn,16,1.0
adfoz,16,1.0
vblanco.nico,16,1.0
maxernest,16,1.0
loisonchambers,16,1.0
carlosbesadaromero,16,1.0
malgaca,16,1.0
sarapl,16,1.0
martinzapata,16,1.0
electronica18,16,1.0
janalorenzolumbreras,16,1.0
puertarcd,16,1.0
danielfernandezcalo,16,1.0
pedrosiaba,16,1.0
cristinacigarran,16,1.0
svo4321,16,1.0
veronica.mieites,16,1.0
mmartinezsanchez,16,1.0
xosegq16,16,1.0
gemma,16,1.0
vickytubio,16,1.0
miri23,16,1.0
vanesagarcia,16,1.0
movi205,16,1.0
apascao,16,1.0
josepazmartin,16,1.0
camilolcastro97,16,1.0
dfl,16,1.0
jsltradecorp,17,0.5
mqadir3,17,0.5
jn1404,17,1.0
tmi211,17,1.0
va844,17,1.0
vmj226,17,0.5
ab6858,17,0.5
cki210,17,0.5
mr4425,17,0.5
xc882,17,0.5
hellotate,17,0.5
al4995,17,1.0
atx203,17,1.0
mh4208,17,0.5
c.k.ishino,17,0.5
michael2010814,17,1.0
tyy233,17,1.0
fkl217,17,1.0
ec3136,17,0.5
erincrowe,17,0.5
carlosvigo1997,18,1.0
alecorti.pardo,18,1.0
antonio25,18,1.0
selena,18,1.0
iago,18,1.0
isabelmaria.vazquez,18,1.0
helenalecoq97,18,1.0
efrenhub,18,1.0
alidsjt,18,1.0
alimatama,18,1.0
hermidaitor,18,1.0
dokun,18,1.0
acregodean,18,1.0
tonybocadillosgrandes,18,1.0
alberfn,18,1.0
david.peral.moran,18,1.0
vblanco.nico,18,1.0
maxernest,18,1.0
carlosvillar54,18,1.0
ramonruiz.infor,18,1.0
carlosbesadaromero,18,1.0
electronica18,18,1.0
mcruces.fz,18,1.0
lauragdevesa,18,1.0
pedrosiaba,18,1.0
cristinacigarran,18,1.0
martin32,18,1.0
juanmacano97,18,1.0
estebanrial,18,1.0
xosegq16,18,1.0
gemma,18,1.0
vickytubio,18,1.0
nuanno97,18,1.0
dfl,18,1.0
prakharbhargava0,19,1.0
lukunze1,19,1.0
nazimmath3,19,1.0
kartal,19,1.0
hilisa,19,1.0
aengm,19,1.0
ilou,19,1.0
rikardberger,19,1.0
paul.aniruddha,19,1.0
davyn,19,1.0
scremin,19,1.0
adarsh123,19,1.0
annahaozheng0606,19,1.0
nadja1,19,1.0
tuberkargan,20,0.25
ilkaydost,20,0.25
muratlevent,20,0.5
ulasgorcelioglu,20,0.25
haticesari333333,20,0.25
abdurrahmn15,20,0.5
furkanznkr,20,0.25
adnanyuceer,20,0.5
cemkarts,20,0.25
fdirisaglik,20,0.5
afkali.120,20,0.25
vedat969,20,0.25
nihatyavuz,20,0.5
caglanlee,20,0.25
evrenyigit,20,0.25
furcoskuner,20,0.75
yaseminablacandir,20,0.25
yunusbaskan,20,0.25
cihanbuyuknacar,20,0.75
tuberkargan_97,20,0.25
metehanmustafayalcin,20,0.5
nagihankececi,20,0.25
mgk816,20,0.25
yilmazberat1997,20,0.5
onurcanozavci,20,0.75
omerfkazar22,20,0.25
frknznkr,20,1.0
berkanaydn16,20,0.75
davuteee,20,0.75
meltemsbreezes,20,0.25
brknshn,20,0.25
muvafikmelikkaya,20,0.5
furkanturk1352,20,0.25
trkmengkay,20,0.25
emrebuyukkose2,20,0.25
akoglutayyip,20,0.25
rafshezani,20,0.25
samet1231234,20,0.25
emre_citak_bil,20,0.25
damlakubattt,20,0.5
e.erkul6060,20,0.5
ugur.cankaya.3718,20,0.5
mevradilanerten,20,1.0
melike_musal,20,0.25
ozbunar01,20,0.5
melikemusal1,20,0.75
esracolak.25,20,0.75
furkanefeyuceer,20,0.75
oakbulut1997,20,1.0
emre_krtn97,20,0.75
46harunakgul,20,0.5
abcd5454,20,0.5
kganozcan,20,0.5
irfancan571,20,0.25
carlosvigo1997,21,0.5
iago,21,0.5
david2397,21,1.0
efrenhub,21,0.5
alidsjt,21,1.0
alimatama,21,1.0
dokun,21,0.5
anxovidal8,21,0.5
pablobou4,21,0.5
siemprewowthechami,21,0.5
lino13,21,1.0
electronica18,21,0.5
retty8,21,0.5
janalorenzolumbreras,21,1.0
lsleed,21,0.5
cristinacigarran,21,0.5
martin32,21,1.0
veronica.mieites,21,0.5
gombut,21,0.5
perezsarmar,21,0.5
movi205,21,1.0
camilolcastro97,21,0.5
dfl,21,0.5
ronal_denho_931,22,0.5
nihansulukoy,22,1.0
tuberkargan,22,0.5
melisozkarr,22,0.5
okanircann,22,0.5
ozgurkablan26,22,1.0
fatiherdgn25,22,0.5
evrenyigit,22,0.5
senanurcetin96,22,0.5
tuberkargan_97,22,1.0
metalist_kaan,22,0.5
mgk816,22,0.5
elifisparta38,22,0.5
joker632455,22,1.0
brknshn,22,1.0
sinasigurpinar,22,0.5
furkanturk1352,22,0.5
trkmengkay,22,1.0
emrebuyukkose2,22,1.0
polat.gokberk,22,0.5
sudekoza,22,0.5
oakbulut1997,22,0.5
ozgurdenizkozan,22,0.5
olivier.gilbert.paquet,23,1.0
gc_1,23,1.0
guibill10,23,1.0
physquig,23,1.0
pythagoras2,23,1.0
ludovick.begin,23,1.0
bleuminuit,23,1.0
vincentpainchaud.vp,23,1.0
jeanmichael.deschenes,23,1.0
comeulaval,23,1.0
justin.lariviere.25,23,1.0
emilechouinard,23,1.0
oliviercharbonneau,23,1.0
cloudyoverhead,23,1.0
benoiturcotte,23,1.0
marianne.gratton.1,23,1.0
anthonyroux,23,1.0
s_coriolis,23,1.0
je_guilbert,23,1.0
fred_dion,23,1.0
sebasket14,23,1.0
kalebhilde,24,1.0
keerthisv,24,1.0
devajnparikh1995,24,1.0
dhvanil,24,1.0
sriharshap,24,1.0
jahnavikachhia,24,1.0
ankit6257,24,1.0
yubai,24,1.0
viratbhatt007,24,1.0
dkshelat,24,1.0
prabuddha_888253127,24,1.0
hmoulvi1,24,1.0
kirankumar94,24,1.0
virajput299,24,1.0
soccadelic44,24,1.0
kiruthikaabalu181996,24,1.0
ashutoshsinghhenry6,24,1.0
rishu,24,1.0
dhara041992,24,1.0
akash140410107098,24,1.0
shradhap,24,1.0
mjoza2,25,1.0
baohl2,25,1.0
spangnt2,25,0.5
kychui2,25,1.0
joshua.leveillee,25,1.0
joseam2,25,0.5
myl3,25,0.5
xzhan147,25,0.5
zehuahe2,25,1.0
rsyuan2,25,1.0
tss3,25,1.0
jinwoo2,25,1.0
nsk2,25,0.5
hf4,25,1.0
dplata2,25,1.0
coderko3,25,1.0
dkfkadbs304,25,0.5
bhliu97,25,1.0
rrmiriy2,25,1.0
isaxton2,25,0.5
restep2,25,1.0
jiwu2,25,1.0
akozych2,25,1.0
masonpb2,25,1.0
sili5,25,1.0
jhardi9,25,0.5
hregner2,25,0.5
nahmoda2,25,0.5
bcperki2,25,1.0
jacquelinethardin,25,0.5
jaketh2,25,0.5
avw2,25,1.0
clee152,25,0.5
scc3,25,1.0
gxiao2,25,0.5
khazanv2,25,1.0
mengkem2,25,1.0
shuming2,25,1.0
ckim123,25,1.0
kph2,25,1.0
jmjin2,25,1.0
rll2,25,1.0
aeh2,25,0.5
dlee145,25,1.0
staceyn2,25,1.0
jzhan142,25,0.5
juliajh2,25,1.0
travisc2,25,1.0
saegner2,25,1.0
yhu55,25,0.5
leveill2,25,0.5
zhixin2,25,1.0
jingyiw3,25,0.5
jinsup2,25,1.0
jarodm2,25,1.0
dcpang2,25,1.0
rakam2,25,1.0
xyz11,25,0.5
kfurbee2,25,1.0
kv2,25,1.0
werforgerf4life,25,0.5
ellenrf2,25,1.0
mtobah2,25,1.0
kjfrank2,25,0.5
bharath3,25,1.0
pranjal3,25,1.0
kyang37,25,1.0
juliaeb2,25,1.0
taymacnichols,26,1.0
worldlineusaf,26,1.0
njgale01,26,1.0
rkchapman,26,1.0
stambo,26,1.0
jhendricks,26,1.0
alecorti.pardo,27,1.0
aronchino6,27,1.0
iago,27,1.0
david2397,27,1.0
isabelmaria.vazquez,27,1.0
helenalecoq97,27,1.0
paularodriguez,27,1.0
david.garrido,27,1.0
jorgecastelo5,27,1.0
hermidaitor,27,1.0
acregodean,27,1.0
corredoira,27,1.0
ledicia97,27,1.0
siemprewowthechami,27,1.0
lino13,27,1.0
alberfn,27,1.0
adfoz,27,1.0
vblanco.nico,27,1.0
loisonchambers,27,1.0
martinzapata,27,1.0
malgaca,27,1.0
andreadiazgar,27,1.0
sarapl,27,1.0
carlosbesadaromero,27,1.0
janalorenzolumbreras,27,1.0
danielfernandezcalo,27,1.0
pedrosiaba,27,1.0
martin32,27,1.0
cristinacigarran,27,1.0
svo4321,27,1.0
veronica.mieites,27,1.0
gemma,27,1.0
miri23,27,1.0
vanesagarcia,27,1.0
apascao,27,1.0
josepazmartin,27,1.0
manuelsomoza94,27,1.0
carlosvigo1997,28,1.0
alecorti.pardo,28,1.0
antonio25,28,1.0
aronchino6,28,1.0
iago,28,1.0
marcosanllo,28,1.0
helenalecoq97,28,1.0
efrenhub,28,1.0
alidsjt,28,1.0
mateocampos,28,1.0
alimatama,28,1.0
hermidaitor,28,1.0
acregodean,28,1.0
tonybocadillosgrandes,28,1.0
anxovidal8,28,1.0
corredoira,28,1.0
pablobou4,28,1.0
amparo.castro.96,28,1.0
ledicia97,28,1.0
lino13,28,1.0
vblanco.nico,28,1.0
david.peral.moran,28,1.0
maxernest,28,1.0
loisonchambers,28,1.0
ramonruiz.infor,28,1.0
martinzapata,28,1.0
carlosbesadaromero,28,1.0
carlosvillar54,28,1.0
sarapl,28,1.0
malgaca,28,1.0
electronica18,28,1.0
latecnologiameodia,28,1.0
puertarcd,28,1.0
retty8,28,1.0
janalorenzolumbreras,28,1.0
mcruces.fz,28,1.0
lauragdevesa,28,1.0
pedrosiaba,28,1.0
cristinacigarran,28,1.0
martin32,28,1.0
juanmacano97,28,1.0
svo4321,28,1.0
veronica.mieites,28,1.0
gombut,28,1.0
xosegq16,28,1.0
gemma,28,1.0
vickytubio,28,1.0
perezsarmar,28,1.0
vanesagarcia,28,1.0
movi205,28,1.0
camilolcastro97,28,1.0
nuanno97,28,1.0
dfl,28,1.0
pip29,29,1.0
youxing0309,29,1.0
guoyao,29,1.0
eddin21,29,1.0
janeneil88,29,1.0
kie180079,29,1.0
wafikamarudin,29,1.0
aimansyaz99,29,1.0
mariz,30,1.0
moh.bahaa,30,1.0
ahmedamr,30,1.0
maramtarek53,30,1.0
reemali99_,30,1.0
elizametias12,30,1.0
nourananwar123,30,1.0
david_atef,30,1.0
amlibrahim,30,1.0
nadanasser1199,30,1.0
moh.ashraf105,30,1.0
youssefsherif22,30,1.0
omarmoatasem,30,1.0
hishamzakaria20,30,1.0
mohameeddsamy,30,1.0
omardeyaa,30,1.0
noureldin1999,30,1.0
mrefaat,30,1.0
sandrabashara,30,1.0
mohammedemadeldin2000,30,1.0
ranasherif65,30,1.0
mohamedsameh,30,1.0
bassamtarek,30,1.0
youssef2042000,30,1.0
mohaballam,30,1.0
farahsamir978,30,1.0
ramy_maged4,30,1.0
amrebrahim,30,1.0
ahmedsameh1698,30,1.0
muteki,30,1.0
ammareltalli,30,1.0
fathy1104,30,1.0
amr_ua07,30,1.0
farah26,30,1.0
ammaralaa516,30,1.0
marcmagdy98,30,1.0
kirolosehab99,30,1.0
ahmedayman2370,30,1.0
seifhabib,30,1.0
omarmagdy,30,1.0
mohabayman,30,1.0
shorouk_ossama,30,1.0
marina17,31,1.0
andrea.crod96,31,0.42857142857142855
irinamezquita,31,1.0
romero,31,0.5714285714285714
jesusvg97,31,0.5714285714285714
pacocf96,31,0.14285714285714285
elenams1997,31,1.0
olgajimenez.ojn,31,1.0
martaveegas,31,0.8571428571428571
angelamgodoy7,31,0.8571428571428571
elenavilchez3,31,1.0
melroy_caeiro,32,1.0
redzuan11,32,1.0
exjamil,32,1.0
fitrimohdyunus99,32,1.0
abieday1704,32,1.0
pingan99,32,1.0
ffazul64,32,1.0
zakhwan7,32,1.0
guoyao,32,1.0
hafizmokh99,32,1.0
nadhnasorudin,32,1.0
nihaosawaddee,32,1.0
kakmeera1999,32,1.0
chengweiheng,32,1.0
tamchouweng,32,1.0
aimansyaz99,32,1.0
nikalyaamani,32,1.0
azizijazam11,32,1.0
ari6nd,32,1.0
firdaushusnoruddin99,32,1.0
anwar909,32,1.0
harshini9962,32,1.0
hong_gao,32,1.0
wahidiah52,32,1.0
afeefz,32,1.0
amni99,32,1.0
aimanadnan,32,1.0
zikrizaki88995,32,1.0
gabrielyii,32,1.0
kie180702,32,1.0
ablahsaoud,32,1.0
tingliang,32,1.0
yansi,32,1.0
khor,32,1.0
asyrafaqil,32,1.0
jazlilong,32,1.0
alifzulkifli99,32,1.0
happyleexin,32,1.0
kie180031,32,1.0
m939454,32,1.0
arifjalani99,32,1.0
pip29,32,1.0
adriancheah,32,1.0
desmondsoon,32,1.0
ahchehyan,32,1.0
kie180039,32,1.0
rooban11,32,1.0
kowjiajin,32,1.0
abdulrahim2905,32,1.0
shaf31,32,1.0
kimzihuang,32,1.0
sealseal,32,1.0
kie180028,32,1.0
baleko12345,32,1.0
gabrielyii99,32,1.0
kie180073,32,1.0
mahafizuddin,32,1.0
nabilah1403,32,1.0
magic_ocean99,32,1.0
cheokonn,32,1.0
xunyong,32,1.0
yeejou990318,32,1.0
janeneil88,32,1.0
yjenyiee155,32,1.0
syedzakwan,32,1.0
kie180079,32,1.0
musabmalek0717,32,1.0
rahimnoorj,32,1.0
miloaismanis,32,1.0
leejq,32,1.0
rileyroca,33,1.0
berkaydean,33,1.0
smrdafdl,33,1.0
kaitlinh,33,1.0
nbs691,33,1.0
jacobzeshleman,33,1.0
njs035,33,1.0
cbecker413,33,1.0
williammitchell5818,33,1.0
talwren,33,1.0
moroikohei0529,34,1.0
yusuke_hamanaka,34,1.0
saytt0923,34,1.0
tell.your.world.2525,34,1.0
skkohei1102,34,1.0
kshimizu,34,1.0
shuhei55,34,1.0
jjgreen2,35,1.0
stweston,35,1.0
yhzhang99,35,1.0
jdsmit60,35,1.0
dlirwin,35,1.0
trsauer,35,1.0
tienvo1,35,1.0
jesorian,35,1.0
nsandys,35,1.0
ealmesri,35,1.0
kmangers,35,1.0
awirkusc,35,1.0
gaross2,35,1.0
ksenturk,35,1.0
abertra1,35,1.0
jstewa20,35,1.0
jhern148,35,1.0
maalkha1,35,1.0
xzhan445,35,1.0
bsweekly,35,1.0
bhscobie,35,1.0
jasanc28,35,1.0
coreymlh,35,1.0
ttmccart,35,1.0
gkim50,35,1.0
jcpowel8,35,1.0
mfelixca,35,1.0
sterry6,35,1.0
tethingt,35,1.0
kpuncha,35,1.0
amjorge1,35,1.0
jdan2,35,1.0
rgerbino,35,1.0
bpsmit20,35,1.0
nsoderbe,35,1.0
baberge,35,1.0
flipgard,36,1.0
katharinaaa,36,0.5
nano_jack,36,1.0
christina20,36,0.5
martin92,36,0.5
katharina.m,36,0.5
yacine,36,0.5
valentin1,36,1.0
millner89,36,0.5
michele2,36,1.0
kzojer,36,0.5
susi,36,1.0
jasmin.pfleger1997,36,0.5
birkam,36,0.5
elmar.aichberger,36,0.5
tactyle,36,1.0
michael.gobald,36,0.5
hirberm,36,0.5
evagasser,36,0.5
lia2708,36,1.0
divassingh.dagur2018,37,0.5
padmavlr,37,0.25
mital.nanda2018,37,0.25
elsa.george2018,37,0.75
nikhilsai79,37,0.5
cp.praveen2018,37,0.25
saipriya.tummala2018,37,0.75
monunith,37,0.75
shuruthipriyav,37,0.25
reneethgabriella.r,37,0.25
junaidmd1996,37,0.25
bose.sankha,37,0.5
sarveshvaran,37,0.25
prabhat_swain,37,0.25
kadiyamanusha,37,0.25
ds1akbarbasha,37,0.75
padmavlr01,37,0.75
sreekanthsp,37,0.75
suvankar94,37,0.75
mdjunaid071,37,0.5
nivedhita123,37,0.5
gnivetha05,37,0.25
kyathamharikrishna,37,0.25
mi.shanmugapriyan2018,37,0.5
christauffer98,38,0.75
kevindestefano,38,0.5
abloftus,38,0.75
vonh8704,38,0.75
paycinena,38,0.75
mql,38,1.0
anthony7131998,38,0.75
woodsnib,38,1.0
e.e.ladron,38,0.75
lsigmund98,38,0.75
brandon_gould,38,0.75
smagpantay,38,1.0
bbenzenberg,38,0.75
gapittman,38,1.0
colleenweller,38,0.75
zweisblatt,38,0.75
ria97alyssa,38,0.75
genesisliang,38,1.0
ariheyd,38,1.0
jbausch97,38,0.75
ryanprescott,38,1.0
nbontems,38,1.0
k.schmelzle,38,0.5
carsonallen704,38,0.75
kitts4114,38,0.75
sgulguleu,38,0.75
argho7x7,38,0.75
jake2849,38,0.75
victoriawilliams1234,38,0.75
kishanpateluf,38,0.5
eric4707,38,0.75
rafe45921,38,0.75
pedro.munoz003,38,0.75
amb0516,38,1.0
gandorofthewoods,38,0.75
mfnaviag,38,1.0
ibean,38,0.75
niturrioz,38,1.0
tawalker16,38,0.75
abeld23,38,1.0
rschrope,38,1.0
oliviabrandel36,38,0.75
aaronbar918,38,0.75
nmiller95,38,0.5
joshuajaime,38,0.75
laurenlester,38,0.75
flyingcodfish,38,1.0
antural,38,0.5
amberhawthorne,38,1.0
bratosin.vm,39,1.0
oprea.razvaan,39,1.0
alexandru.smaranda19,39,1.0
binisor.alin2,39,1.0
triscas.roxana,39,1.0
sanduramona75,39,1.0
voinescu.iulian,39,1.0
qprazvan,39,1.0
raduc95,39,1.0
aksamija,40,0.16666666666666666
kgeorgadarel5,40,1.0
astam,40,0.8333333333333334
nbonthala,40,0.8333333333333334
jpweber,40,1.0
jinyoungpark,40,0.8333333333333334
dnarasimhara,40,0.16666666666666666
cjfoss,40,0.6666666666666666
sasapu,40,0.16666666666666666
slamotte,40,1.0
mbolognese,40,1.0
pkulkarni,40,0.8333333333333334
fengsun,40,1.0
pjaswal,40,0.6666666666666666
rsepanek,40,0.8333333333333334
zwoods,40,0.8333333333333334
srini999,40,0.3333333333333333
nlochner,40,1.0
pfang,40,0.6666666666666666
matthewdonne141,40,1.0
ternencexiong,40,0.5
nshattuck,40,0.6666666666666666
dustinrobinson275,41,0.5
benetcheverry,41,1.0
aaronbrown1,41,0.75
denverlloyd,41,0.75
kcantley,41,0.25
ahmedtaher,41,1.0
talafrost,41,0.5
kkumaarpradeep,41,0.25
tarikk,41,1.0
dusty5683,41,0.25
gmodano,42,0.8571428571428571
kfriedel,42,0.42857142857142855
nbuchwal,42,0.5714285714285714
mgreen32,42,0.7142857142857143
ogreene2,42,0.7142857142857143
tfannin2,42,0.7142857142857143
aetim,42,0.5714285714285714
jegan12,42,0.14285714285714285
tzhang01,42,0.7142857142857143
dawson87,42,0.7142857142857143
galboum,42,0.5714285714285714
samalfit,42,0.7142857142857143
congji1999,42,0.7142857142857143
rscafide,42,0.42857142857142855
ecorazza,42,0.7142857142857143
nkondrath,42,0.5714285714285714
sabrina0850,42,0.5714285714285714
nhabre,42,0.5714285714285714
courtneyradz,42,0.7142857142857143
lmcdono6,42,0.8571428571428571
rfinerty54,42,0.8571428571428571
mongkuwuratii,42,0.5714285714285714
tmurra21,42,0.42857142857142855
ckotwic2,42,0.7142857142857143
akontrimas,42,0.8571428571428571
whubschm,42,0.14285714285714285
sculloo,42,0.7142857142857143
mgalvi11,42,0.5714285714285714
dwalsh23,42,0.5714285714285714
cjupina,42,0.5714285714285714
graceembrey,42,0.5714285714285714
mbrett4,42,1.0
bbode,42,0.7142857142857143
mbicknese,42,0.7142857142857143
smartshaheer123,43,0.16666666666666666
areeba_khan,43,0.25
m.dawson,43,0.6666666666666666
farhanthespy,43,0.16666666666666666
aamnakhursheed171997,43,0.08333333333333333
minhalrizvi98,43,0.25
habhutto2015,43,0.4166666666666667
sufzpq,43,0.16666666666666666
samiyajabbar,43,0.08333333333333333
shehzu94,43,0.08333333333333333
khurramahmed1997,43,0.4166666666666667
bhaifaiz77,43,0.4166666666666667
hamzaanwer,43,0.5
afnan.mazhar,43,0.08333333333333333
dua1915,43,0.08333333333333333
mariamamin123,43,0.08333333333333333
waleedkhalid924,43,0.08333333333333333
saleem_008,43,0.3333333333333333
hamzaq44,43,0.4166666666666667
ahmerinam99,43,0.08333333333333333
ashna,43,0.5
bahazad.syed,43,0.3333333333333333
ateefasiddiqui,43,0.08333333333333333
s_huzaifa,43,0.08333333333333333
hakeemorangzeb710,43,0.4166666666666667
zainabnazeer456,43,0.3333333333333333
remshaa5,43,0.08333333333333333
farahkareem5,43,0.16666666666666666
osamahkhan212,43,0.08333333333333333
ilsa.khalid,43,0.16666666666666666
shaheeradnankhan,43,0.25
shayanali,43,0.25
bushradayo,43,0.3333333333333333
hareemmustafa,43,0.16666666666666666
daanyaal,43,0.25
hassananwer1010,43,0.5833333333333334
mustafaarif12330,43,0.5833333333333334
zaheramusvi65,43,0.08333333333333333
rubarasheed5678,43,0.08333333333333333
daanyaalnerd97,43,0.16666666666666666
saqibkamal,43,0.4166666666666667
farahperveen72,43,0.25
syedazainabhassan16,43,0.4166666666666667
s.m.bahazad,43,0.16666666666666666
aqsaqasim10,43,0.5
hariskshah,43,1.0
ibrahimahmedmughal,43,0.08333333333333333
taqdeesm3,43,0.25
kausarsaleem65,43,0.08333333333333333
bismaraoluqman,43,0.4166666666666667
mazeemkhanreal,43,0.08333333333333333
moonasayal,43,0.16666666666666666
fareha.saleem,43,0.25
hnihallani75,43,0.5833333333333334
moizraza10,43,0.4166666666666667
aminahfatimah98,43,0.5833333333333334
hareem.ahsan98,43,0.3333333333333333
mamonarao01,43,0.5833333333333334
shehzad_ahmed10,43,0.75
owaisbashir26,43,0.08333333333333333
hamza.aslam3904,43,0.08333333333333333
imtiazhira,43,0.6666666666666666
sshuzaifa50,43,0.16666666666666666
halamasood27,43,0.5833333333333334
kashasan15,43,0.08333333333333333
faizanalibugti,43,0.08333333333333333
bushrashahab01,43,0.16666666666666666
shalalkhan18,43,0.25
ibeeey.a,43,0.08333333333333333
owaisbukhari257,43,0.08333333333333333
m.naufil1,43,0.4166666666666667
afnanmazhar,43,0.08333333333333333
saqlainsiddiqui40,43,0.25
saba_nadeem91,43,0.08333333333333333
sabaq165,43,0.16666666666666666
syedzainrock8,43,0.5
talatbng945,43,0.25
asadhussain765,43,0.08333333333333333
iqra.javed1591997,43,0.5833333333333334
sheebaishtiaque.102,43,0.08333333333333333
khadimashoor437,43,0.25
el16009,43,0.16666666666666666
aliirtaza98,43,0.5
hariskaleemshah,43,0.16666666666666666
carmud,44,1.0
turnergarrow,44,1.0
wolkoff.97,44,0.5
sandracheng,44,0.5
hadiyamadi,44,1.0
14ers4,44,0.5
waleed97,44,0.5
e.desroche,44,0.5
juanmanu04,44,1.0
kiranpreet.birdee,44,1.0
will.salmon66,44,1.0
jakeerickson,44,1.0
wdze1001,44,1.0
reing1ub,44,1.0
cookiedabaker,44,0.5
raanapooshimin,44,1.0
ajfriedlan,44,1.0
robknobel,44,1.0
trix012,44,0.5
laura.burchell,44,0.5
toto_bssnt,44,1.0
sofiaarranz,44,1.0
tmosh5,44,1.0
defnenazguler,45,1.0
hknucakg,45,1.0
senlen09,45,1.0
fyalcin,45,1.0
dyagdi35,45,1.0
naz,45,1.0
firatyalcin,45,1.0
enessaitbesler,45,1.0
paranbarlak,45,1.0
abdullah.s.karar,46,1.0
fatmaaalsarhan39,46,1.0
heba.30936.aum,46,1.0
hmdmyabb,46,1.0
hawraalsahhaf,46,1.0
rtalturkomani,46,1.0
alshammarih96,46,1.0
eng.nawafr,46,1.0
fabualhasan6,46,1.0
aishah,46,1.0
ruqaya30aum,46,1.0
fajer92,46,1.0
azizalshaban,46,1.0
ahmadshamsaldeen96,46,1.0
mjmutairi6,46,1.0
wafarag,46,1.0
saroom96,46,1.0
shaikhahboareki,46,1.0
rzouf,46,1.0
fajeralanzi56,46,1.0
asultan1996,46,1.0
cerebrus989,46,1.0
latifa,46,1.0
teyrxq8,46,1.0
akarar,46,1.0
atoooma18,46,1.0
farahaljasser97,46,1.0
moudhima,46,1.0
hadeel.lsoc,46,1.0
mjmutairi,46,1.0
nopha96,46,1.0
bilel.neji,46,1.0
gooz1915,46,1.0
nada96,46,1.0
shaikhalameer97,46,1.0
shaikhah30121,46,1.0
hjyagout30936,46,1.0
shaikha.alameer97,46,1.0
ritaj345,46,1.0
anwarekhrais1,46,1.0
fatemah.aleid37,46,1.0
aahmadi71995,46,1.0
poyaka619,46,1.0
shahadalmotairi,46,1.0
mariamrald.2169,46,1.0
mackintosha7,46,1.0
fatemahkhaled1998,46,1.0
akalothainah59,46,1.0
youq8_1,46,1.0
fatemah96,46,1.0
sarahnano1,46,1.0
kabdulsayed,46,1.0
yao201,47,0.16666666666666666
rskoog,47,0.8333333333333334
lpl,47,0.5
xiaokang3752,47,0.6666666666666666
amathiya,47,0.16666666666666666
park855,47,0.8333333333333334
zhifanke,47,0.5
guo307,47,1.0
gentry9,47,0.8333333333333334
sharm316,47,0.8333333333333334
chen2974,47,0.6666666666666666
an96,47,0.16666666666666666
ren127,47,0.6666666666666666
calder17,47,0.8333333333333334
jo24,47,0.3333333333333333
mccartnt,48,1.0
rebschro,48,1.0
jyhoff,48,1.0
anfetre,48,0.5
amroe,48,1.0
acleve,48,1.0
shawak,48,1.0
ggmorrow,48,1.0
bebling,48,1.0
aalmohri,48,1.0
kpgreenm,48,1.0
dhawaleriya77,49,0.3333333333333333
rahulkulkarni301,49,1.0
ghodkebharati467,49,0.3333333333333333
khuldina,49,0.3333333333333333
sagmadkam,49,0.6666666666666666
syamefarkade,49,0.3333333333333333
hbg2112,49,0.6666666666666666
siddhikadam,49,0.6666666666666666
shivraj14,49,0.3333333333333333
vineetkotariya,49,0.3333333333333333
ajinkyametange,49,0.6666666666666666
rakshu.gade,49,0.3333333333333333
ameyabane,49,0.3333333333333333
mahi97,50,1.0
kabirsinthi,50,1.0
misbah3229,50,1.0
fahim78645,50,1.0
johayraprithula,50,1.0
rivnatmihaf,50,1.0
mazharulislamshuvosikder,50,1.0
farhana14eshal,50,1.0
akazad42801,50,1.0
tahsin2239,50,1.0
abirmamunurrahman,50,1.0
bubleedas06,50,1.0
luckynicky0713,51,1.0
th.habte,51,1.0
alexisbullock,51,1.0
martysimpkins1213,51,1.0
kalex1193,51,1.0
lee2370,52,0.2
herr13,52,0.4
suran9712,52,0.6
k.ico246,52,0.2
alineelquist,52,0.2
rishiprasadha,52,0.6
aboza,52,0.2
draosmail,52,0.2
kruege14,52,1.0
jbartlin,52,0.4
greid09,52,0.2
asartor,52,0.6
inormile,52,0.4
yhoashi,52,0.4
snowh5696,52,0.4
ecronin,52,0.2
muelle77,52,0.2
boninim,52,0.6
heinzt,52,0.8
mccaul,52,0.8
brandt18,52,0.2
yizhizhang,52,0.6
davi1004,52,0.2
benoit1,52,0.2
akreilein,52,0.2
evandaele3,52,0.4
talon34567,52,0.8
osborn45,52,0.4
nhdorcy,52,0.4
rwasem,52,0.4
ikobayas,52,0.6
davids19,52,0.2
nathanmoore,52,1.0
ksjolund,52,0.4
engineeringkenyahub,52,0.2
buck17,52,0.8
enadler,52,0.4
kewlkahtz,52,0.2
vpope,52,0.6
xng,52,0.2
imran3,52,0.4
dodge4,52,0.6
george7elias,52,0.8
kknowlto,52,1.0
kevinodonnell0878,52,0.8
akreuter,52,0.8
cputt,52,0.8
mcclure8,52,1.0
lmeehann,52,0.8
kico,52,0.8
julianjros,52,0.2
ryry1644,52,0.6
lise_lpz,52,0.2
cpiepen,52,0.2
nriaziat,52,0.4
canadaman87,52,0.6
sumner3,52,0.2
mishra59,52,0.4
river132,52,0.6
akreilei,52,0.6
nikhilcarneiro4,52,0.6
treyfinn98,52,0.4
garret28,52,0.8
goh5,52,0.6
hkohart,52,0.4
hess35,52,1.0
alyssamcnarney,52,0.2
srasche,52,0.6
kamranahmed,52,0.2
agarw105,52,0.2
jacobglvn,52,0.6
btestin14,52,0.6
samt.buller,52,0.2
fahimvora12,52,0.2
ggauthi,52,0.4
jskeens,52,1.0
cameronfritts12,52,0.4
crhodine,52,1.0
baker428,52,0.6
swift8,52,0.2
rice125,52,0.4
selawada,52,0.2
kjh94425,52,0.6
tanderto,52,0.2
anthonm,52,1.0
ryan.wiebe,52,0.6
sfgdfgdfg,52,0.2
wan52,52,0.2
tylera2104,52,0.2
guenthee2020,52,0.2
jfolkers,52,1.0
smoinudd,52,0.2
hyndmanjustin,52,0.4
hkaakeh,52,0.4
vcotta,52,0.2
bsmrdel,52,0.2
chanwoo.lee.17,52,0.2
lesteryhz,52,0.2
ikstealth,52,0.2
hannahdeboer0015,52,0.2
wallac68,52,0.2
tobitrack55,52,0.2
white519,52,0.2
jacobpeterson698,52,0.2
fischermben,52,1.0
agalema1027,52,0.6
ebehring,52,0.6
shadow66666,52,1.0
prasad25,52,0.2
shaunak0304,52,0.2
psumner,52,0.6
ebergqu,52,0.4
cclapham,52,1.0
evdaly,52,0.6
rao75,52,0.2
john1886,52,1.0
jwoon,52,0.4
rileyedelaney,52,0.8
jswetlik,52,0.6
jkekre,52,0.8
radhakr3,52,0.4
rkwiatko,52,0.2
mlinsin,52,0.2
arturotrevino,52,0.2
jrohman,52,0.2
robo698,52,0.4
nggoodie98,52,0.8
yeager5,52,0.2
sknecht,52,0.8
dkilgor,52,0.4
kskripakaran0810,52,0.6
alexdobbins98,52,0.2
nbitner,52,0.4
zjohnson834,52,0.6
semond,52,0.2
suhaira97,52,0.6
ckroger,52,0.2
ggolla,52,0.2
albrect,52,0.6
munselltom,52,0.4
scoan,52,0.2
jmacklem,52,0.2
vwallema,52,0.2
mcdona85,52,0.2
amagro,52,0.2
royriveraf,52,0.2
ziadan,52,0.2
finn5,52,0.2
htorsina,52,0.6
afalkenb,52,0.6
mzentner,52,0.2
huan1146,52,0.4
rodri454,52,0.2
tilley0,52,0.4
jkueche,52,0.2
mart1226,52,0.2
wdrummon,52,0.2
cmeiste,52,0.4
kgmcginley,52,0.6
ehonebri,52,0.4
itsmemario,52,0.6
purduechen2203,52,0.2
nt230,52,1.0
cartmaster007,52,0.8
jklaben,52,0.8
acostab,52,0.6
geyerg,52,0.2
jaggarw,52,0.2
asartor7,52,0.2
eforti,52,0.2
treinha,52,0.2
ryanwest1040,52,1.0
angbecker,52,1.0
jstalbaum,52,0.6
hanmoyuan1997,52,0.2
mingusnate,52,1.0
ramos39,52,0.2
dgreiwe,52,0.8
singh378,52,0.4
yang1206,52,0.4
maxwellfra16,52,0.6
wang4150,52,0.4
bradsmrdel,52,0.2
joshuajkporter,52,1.0
rwiebe,52,0.2
nmcphero,52,0.2
dschull,52,0.8
sueprasad8214,52,0.4
athoman,52,0.6
rjleach,52,0.6
tthieles,52,0.2
aratkov,52,0.2
sammyknecht,52,0.2
kkamiya,52,0.6
kellhages37,52,0.2
mnishat,52,0.2
starr21,52,0.2
rachel318318,52,0.2
spring12,52,0.2
rsusler,52,1.0
jdanek,52,0.4
bkiep,52,0.2
bihmike,52,0.2
wstolz,52,1.0
samm,52,0.4
jmaillet,52,0.2
justj,52,0.6
oliver67,52,0.8
batram197,52,0.2
charlesma423,52,0.4
rhellyer,52,0.2
landon.glunt,52,0.8
khageman,52,0.8
amckeska,52,0.4
aguyre,52,0.2
conner.swift8,52,0.6
nafandi,52,0.2
akonopa,52,0.6
mcclurez,52,0.4
jacob_just,52,0.2
shaw108,52,0.2
nramli,52,0.2
chiranth7954,52,0.6
mcrees,52,1.0
caldwe29,52,0.2
smit3180,52,0.2
cmelchin,52,1.0
rice103,52,0.2
dsfgdsfg,52,0.6
rao53,52,1.0
tgiazzon,52,0.8
cbischof,52,0.2
marianak.holguinp,53,0.3333333333333333
mafeflorian7,53,0.3333333333333333
danielpc76,53,0.3333333333333333
vilmistirado,53,0.6666666666666666
sn.vargas,53,0.3333333333333333
da.ramirez14,53,0.3333333333333333
sv.rojas,53,0.3333333333333333
yafarsolano,53,0.6666666666666666
joshuakelev7,53,0.3333333333333333
ivanfsalgado,53,0.3333333333333333
anfedepe,53,0.6666666666666666
ale_1201,53,1.0
alvaro22martelo,53,0.6666666666666666
dr.sabogal,53,0.6666666666666666
josemajaramilloh,53,1.0
jcbuitragoa1,53,0.6666666666666666
michaelj00,53,1.0
isabellasalgadopin,53,0.6666666666666666
kevin_ceron,53,0.3333333333333333
miltonesteban.reyes,53,0.3333333333333333
stephania_suarez,53,0.3333333333333333
fenixarn7,53,0.3333333333333333
jcac0908,53,1.0
jpnaranjo20,53,1.0
ja.hernandezr1,53,0.6666666666666666
luisafuentes19,53,0.3333333333333333
juliana.jaimes.27,53,0.3333333333333333
camilopereztovar,53,0.3333333333333333
jasonvazdel,53,0.6666666666666666
danrako,53,1.0
sophivcool,53,0.3333333333333333
nlozano611,53,1.0
mchaparrobecerra,53,0.3333333333333333
dhcomas,53,1.0
al.indavid10,53,0.3333333333333333
perez.l.carlos.a,53,0.3333333333333333
alejandra31g,53,0.3333333333333333
jhon,53,0.6666666666666666
libardo11chapal,53,0.3333333333333333
jhonseebb,53,0.3333333333333333
alejagarzon,53,0.3333333333333333
adrianapquijanoc,53,0.3333333333333333
ja.burgos,53,0.6666666666666666
juliana9927,53,0.6666666666666666
juanfecazuluaga,53,0.3333333333333333
danielamedina9937,53,0.3333333333333333
andresvm,53,1.0
dard980311,53,0.3333333333333333
juandavrp,53,0.6666666666666666
salomon.ulloque,53,0.6666666666666666
jf.cuevas,53,0.3333333333333333
gabrielrueda99,53,0.3333333333333333
josemajaramilloh,54,1.0
mafeflorian7,54,1.0
jhonseebb,54,1.0
sn.vargas,54,1.0
ale_1201,54,1.0
bplamondon,55,1.0
jamesdoty,55,1.0
mmei,55,1.0
ksie,55,1.0
stabatabaei,55,1.0
carleydavis,55,1.0
ppawelski,55,1.0
2015rushikesh.baraskar,56,0.5
itsme,56,0.5
2015sudipta.dinda,56,0.5
2015dnyanal.berde,56,0.5
susmita1909,56,0.5
pravin_bagade123,56,1.0
virendra,56,0.5
sayli8898,56,1.0
2015nishant.hirlekar,56,0.5
sachinbavdane7,56,0.5
narayananiyer20,56,0.5
adityagudal29,56,0.5
prajaktapatil,56,0.5
diptikarani,56,0.5
rakh9000,56,0.5
kaustubh5354,56,0.5
2015prachi.kothawade,56,0.5
2015samarpita.choudhuri,56,0.5
lairai9,56,1.0
2015bhushan.jadhav,56,0.5
2015nitish.nayak,56,0.5
2015sagar.baviskar,56,1.0
tejashree.khirawade,56,0.5
abhay.kshirsagar,56,0.5
pvk,56,1.0
vipra,56,1.0
2015rutuja.patil,57,1.0
tanviwagh,57,1.0
2015mukul.sharma,57,1.0
itsme,57,1.0
amruta.molawade,57,1.0
hemant29,57,1.0
ujwala.pol,57,1.0
sahilberde,57,1.0
aartimaurya5,57,1.0
ej2013.ankit.panvalkar,57,1.0
2015deepak,57,1.0
2015nitish.nayak,57,1.0
2015anuj.pakhare,57,1.0
kaushal37,57,1.0
2015anvita.rai,57,1.0
shubham.yelange,58,1.0
rockey.anths,58,1.0
mallickshrutik,58,1.0
sheetalwings97,58,1.0
vixsnair,58,1.0
zeevd19,58,1.0
arthaya.koyande28,58,1.0
smahamulkar1013,58,1.0
patilprasad0123,58,1.0
aadi,58,1.0
anishnair1996,58,1.0
priyu0964,58,1.0
umeshlohote,58,1.0
ajayphroust.ay,58,1.0
shindedeepak129,58,1.0
rohitnair77880,58,1.0
shreyahonagekar04,58,1.0
kaustubhvaishampayan,58,1.0
aa9858203050,58,1.0
afsarkhan160,58,1.0
mani.mandude,58,1.0
swara37,59,1.0
anishsagvekar9847,59,1.0
shishirp97,59,1.0
ridz21jan,59,1.0
72parab,59,1.0
rutuja15el,59,1.0
thush123,59,1.0
anujchhabra25,59,1.0
vitthalkhatmode,59,1.0
sushantbabar2396,59,1.0
uppalrishabh35,59,1.0
zeevd19,59,1.0
nehashinde631,59,1.0
asifhb21,59,1.0
patilprasad0123,59,1.0
kartikkanchan95,59,1.0
shruti1161997,59,1.0
aspal.rathod08,59,1.0
khamkar.amar2016,59,1.0
samir.kane143,59,1.0
shettyanish1294,59,1.0
2015riya.maheshwari,60,1.0
2015soumya.chinthalapudi,60,1.0
2015vipra.arolkar,60,1.0
lairai9,60,1.0
arthaya.koyande28,60,1.0
abhi97,60,1.0
2015riya.maheshwari,61,1.0
shrutisneha.prasad,61,1.0
2015varun.gokhale,61,1.0
sayli8898,61,1.0
tejashree.khirawade,61,1.0
2015vipra.arolkar,61,1.0
2015prachi.kothawade,61,1.0
aartimaurya5,61,1.0
2015mugdha.sonwane,61,1.0
hemant.wakchaure,61,1.0
2015rasika.wagh,61,1.0
2015dnyanal.berde,61,1.0
lairai9,61,1.0
2015bhushan.jadhav,61,1.0
2015soham.sawant,61,1.0
kaushal37,61,1.0
prajaktapatil,61,1.0
2015varun.gokhale,62,1.0
aartimaurya5,62,1.0
2015rasika.wagh,62,1.0
2015anuj.pakhare,62,1.0
2015soham.sawant,62,1.0
shubham.sutrakar,62,1.0
prajaktapatil,62,1.0
2015shaunak.athalye,63,0.3333333333333333
2015supriya.khatri,63,0.3333333333333333
dhairyagada1997,63,0.3333333333333333
2015mukul.sharma,63,0.3333333333333333
himanisheth98,63,0.3333333333333333
ujwala.pol,63,0.6666666666666666
yash.bhatia,63,0.6666666666666666
2015omkar.tulaskar,63,0.3333333333333333
rohit24k,63,0.3333333333333333
sankalp8055,63,0.6666666666666666
2015riya.maheshwari,63,0.6666666666666666
varunswadia,63,0.3333333333333333
2015soumya.chinthalapudi,63,0.3333333333333333
2015varun.gokhale,63,0.3333333333333333
tanuj.udani,63,0.3333333333333333
2015babu.adik,63,0.3333333333333333
2015anuj.pakhare,63,0.3333333333333333
prajaktapatil,63,1.0
neeiljain,63,0.3333333333333333
2015radhika.angolkar,63,0.6666666666666666
jayesh.bhosale,63,0.3333333333333333
shreyas.sshende,63,0.3333333333333333
shrutisneha.prasad,63,0.3333333333333333
2015jayanti.jha,63,0.3333333333333333
ajitjadhav,63,0.3333333333333333
2015vipra.arolkar,63,1.0
2015prachi.kothawade,63,0.6666666666666666
aartimaurya5,63,0.3333333333333333
2015manas.kulkarni,63,1.0
sachimalkan,63,0.3333333333333333
aakashmeshram,63,0.3333333333333333
aniketozarkar,63,0.3333333333333333
lairai9,63,0.3333333333333333
2015nitish.nayak,63,0.6666666666666666
abhi97,63,0.6666666666666666
2015vipul.jain,63,0.3333333333333333
2015pratik.warke,63,0.3333333333333333
jainamshah697,63,0.6666666666666666
zobe97,63,0.3333333333333333
tanviwagh,63,0.3333333333333333
pravinbagade123,63,0.3333333333333333
2015sanika.pathare,63,0.6666666666666666
aa9858203050,63,0.3333333333333333
2015rasika.wagh,63,0.6666666666666666
ej2013.ankit.panvalkar,63,0.6666666666666666
2015deepak,63,1.0
2015soham.sawant,63,0.3333333333333333
kaushal37,63,0.3333333333333333
cmcc,64,1.0
cbatali,64,0.6666666666666666
hadang,64,0.3333333333333333
melodyw,64,1.0
bazhar,64,1.0
yuantu,64,1.0
rahulr,64,0.6666666666666666
ycao01,64,1.0
abdulmlk,64,0.6666666666666666
vsindato,64,0.3333333333333333
plevine,64,0.3333333333333333
rskye,64,1.0
liuweixun96,65,0.5
huijunz123,65,0.5
mhn0830,65,1.0
jinmo,65,1.0
md0318,65,1.0
ljm79541,65,0.5
qisha,65,0.5
gerrywong,65,0.25
yuziboziguang,65,0.25
hujinding,65,0.5
xiaoyuwang,65,0.75
yu123,65,0.75
lifu.yan170457,65,0.25
shushan1,65,0.75
limengxin180493,65,0.75
viki1,65,0.5
changjiu1,65,0.25
zhaowenjuan,65,0.5
jklei,65,0.75
cifer,65,0.5
laofan,65,0.75
xiaoyy,65,0.75
akshaytexas88,66,1.0
jonathan.tran.rmit,66,1.0
palmore,66,1.0
genevieve.kunkel,66,1.0
gil.goviazin,66,1.0
pguerette,66,1.0
jackietung1219,66,1.0
kblandel,66,1.0
qinzhao,66,1.0
alsallamin,66,1.0
almuhib,66,1.0
jab13877,66,1.0
buehler,66,1.0
cli841,66,1.0
tworonko,66,1.0
markopeterkovic,66,1.0
giozaffar,66,1.0
sal133,66,1.0
giobarc,66,1.0
boyax,67,1.0
juangimenez,67,1.0
quanquan5530,67,1.0
vincent.philip.fitzpatrick,67,1.0
latha,67,1.0
fbackl01,67,1.0
kg34,67,1.0
echo570,68,1.0
ggreenediniz18,68,1.0
nataliapinirtzi,68,1.0
paguado,68,1.0
myrta,68,1.0
robbiemorrison1995,68,1.0
ajhorvath,69,1.0
ddmorgan,69,1.0
tarnsangprad,69,1.0
jkern3,69,1.0
umana2,69,1.0
wbumbaca,69,1.0
komen,69,1.0
gli92,69,1.0
lenling,69,1.0
tdabney,69,1.0
frasheski,69,1.0
pathare2,69,1.0
silha2,69,1.0
lmorrissey,69,1.0
lmeddaugh,69,1.0
stapleton3,69,1.0
zhr5513,69,1.0
dkatz4,69,1.0
dcai22,69,1.0
moldrem,69,1.0
rotenmax,70,1.0
eraeker,70,1.0
clindn,70,1.0
dwangy,70,1.0
rishavc,70,1.0
leovall,70,1.0
jepi,70,1.0
annakcha,70,1.0
mphilbri,70,1.0
hgaudin,70,1.0
ybeeker,70,1.0
ggracevr,70,1.0
hteutsch,70,1.0
malhark,70,1.0
cjbmi,70,1.0
blanzyt,70,1.0
brenrice,70,1.0
reedy,70,1.0
liutif,70,1.0
mgratows,70,1.0
apielack,70,1.0
haileymk,70,1.0
pinea,70,1.0
ehsi,70,1.0
serenad,70,1.0
ksallans,70,1.0
zouhaox,70,1.0
jojoco,70,1.0
allendc,70,1.0
avibreg,70,1.0
brdemarc,70,1.0
ialonsogago,71,0.5
chinmayanandadm,71,1.0
i.alonsog.7,71,0.25
jerry0075566,71,0.5
jcobolopez,71,0.5
ojovinomarques,71,0.5
ychen261,71,0.5
jaketh2,71,0.25
ollorentemartija,71,0.75
brokawat,71,0.25
eescudermilian,71,0.75
arehman4,71,1.0
inigoalonsogago,71,0.25
ssengupta3,71,0.75
cpassolano,71,0.5
kli47,71,0.5
moralist,71,0.25
zhixin2,71,0.5
dmartinfernandezvald,71,0.5
yzhou91,71,0.5
ftadros,71,0.5
barbaraldoriga5,71,0.75
shamilt3,71,0.75
brenrice,72,1.0
snahe,72,1.0
blanzyt,72,1.0
ehsi,72,1.0
jepi,72,1.0
annakcha,72,1.0
rrwilson,73,1.0
alexshaw,73,1.0
claudsnd,73,1.0
lobbiam,73,1.0
rishavc,73,1.0
apdoyle,73,1.0
narceci,73,1.0
aapfel,73,1.0
shirundo,73,1.0
optalmad,73,1.0
scollard,73,1.0
jepi,73,1.0
jbpeller,73,1.0
lwight,73,1.0
ybeeker,73,1.0
grfedele,73,1.0
kcrawf,73,1.0
odonnelc,73,1.0
stevexu,73,1.0
ggracevr,73,1.0
tbarang,73,1.0
ccafmeye,73,1.0
herrerag,73,1.0
snahe,73,1.0
krislew,73,1.0
hoopesma,73,1.0
alillig,73,1.0
kenmp,73,1.0
llsloan55555,73,1.0
asasa,73,1.0
vkov,73,1.0
rexkhan,73,1.0
cjbmi,73,1.0
dhruvtatke,73,1.0
healyjl,73,1.0
malhark,73,1.0
amandnic,73,1.0
brokawat,73,1.0
katferg,73,1.0
kmaxie,73,1.0
amamj,73,1.0
liutif,73,1.0
nikaren,73,1.0
mgratows,73,1.0
deanjac99,73,1.0
apielack,73,1.0
saxman25,73,1.0
cdonahu,73,1.0
lrhamp,73,1.0
haileymk,73,1.0
pinea,73,1.0
woodjosh,73,1.0
dshah515,73,1.0
ralsmith,73,1.0
danevans,73,1.0
jyhoff,73,1.0
jeilers,73,1.0
zouhaox,73,1.0
alexzimm,73,1.0
sayanr,73,1.0
dmcpher,73,1.0
ldwillia,73,1.0
reisnerd,73,1.0
maymephilbrick,73,1.0
shea.costner,74,0.3333333333333333
msross,74,0.6666666666666666
eoreste,74,0.6666666666666666
mattfuentez10,74,0.3333333333333333
thomas.s.busse,74,1.0
mviksne,74,0.6666666666666666
racotter,74,1.0
benjaminvf,74,0.6666666666666666
ssmate,74,0.3333333333333333
stu,74,0.3333333333333333
lbagbyy,74,1.0
davisloen,74,1.0
mbkivy,74,0.6666666666666666
jhulfach,74,0.6666666666666666
ryougijc,74,0.3333333333333333
tmarkiew,74,0.3333333333333333
fphender,74,0.6666666666666666
tecatetrav,74,0.6666666666666666
ryougijc12,74,0.3333333333333333
cdrewery,74,0.6666666666666666
iblackbu,74,0.6666666666666666
dieguez999,74,0.6666666666666666
mirandamiao,74,0.3333333333333333
cintroli,74,0.3333333333333333
surfingslow,74,0.3333333333333333
mreed11,74,0.3333333333333333
juescami,74,0.3333333333333333
alexbick09,74,0.3333333333333333
rlrob,75,1.0
mccartnt,75,1.0
jyhoff,75,1.0
anfetre,75,1.0
amroe,75,1.0
dsfrei,75,1.0
acleve,75,1.0
shawak,75,1.0
bebling,75,1.0
aalmohri,75,1.0
freshfoodhuang,76,1.0
skylarmays,76,0.5
graceml2,76,1.0
vishwasg,76,1.0
sjtuzhanglei,76,0.5
nothando21,76,1.0
mukherjeeatom,76,1.0
shushujie,76,1.0
kalan,76,1.0
tanni,76,1.0
raphaeldu,76,1.0
adavar2,76,1.0
ichesser,76,1.0
kinny,77,0.3333333333333333
pjrinas,77,1.0
bigstar0107,77,1.0
rnjstjdgus5,77,1.0
tochimailbox,77,1.0
tjdgusdbs8810,77,1.0
oribibim,77,0.3333333333333333
drygchung,77,1.0
dayuff,77,0.6666666666666666
psqkr0283,77,0.3333333333333333
backster7915,77,1.0
kinny,78,1.0
bigstar0107,78,0.5
giri,78,1.0
psqkr0283,78,0.5
sinto8211,78,1.0
dbstjdgus8810,78,1.0
ssj7353,78,1.0
xibfeng,79,1.0
ch630183,79,1.0
fredhills,79,1.0
albd,79,1.0
hamamines,79,1.0
mccoombs,79,1.0
ztm19950303,80,1.0
shiadvert,80,1.0
justinpc,80,1.0
acasino,80,1.0
ishaabishnoi,80,1.0
sblanken,80,1.0
evschell,80,1.0
mladensokic,81,0.8
alejandrorivelles21,81,0.8666666666666667
jpedros100,81,0.4
mvp12x2atm,81,0.13333333333333333
elenalp,81,0.5333333333333333
eva,81,0.4666666666666667
brunodistefano8,81,0.6
kaisasaara,81,0.6
dguemes,81,0.8666666666666667
olazz,81,0.6
aleksa.viktorovic,81,0.4666666666666667
villalba.perez.miguel,81,0.7333333333333333
saraquaini96,81,0.9333333333333333
carlo176,81,0.7333333333333333
mpa1,81,0.4
isabelgopa,81,0.6666666666666666
cquimpo,81,0.8
emilygroves18908496,82,1.0
seeyoong,82,1.0
ltu18935122,82,1.0
preet58,82,1.0
liamjthomson18948389,82,1.0
navjinder12,82,1.0
durnanoliver,83,1.0
marwanchehade97,83,1.0
quentin_norris,83,1.0
winnienyakundi0,83,1.0
wjymontreal,83,1.0
jinl0723,83,1.0
catherine2019,83,1.0
szkopek,83,1.0
omar23j,83,1.0
savvad,83,1.0
sallychoi0222,83,1.0
nic,83,1.0
annemarie.zaccarin,83,1.0
anon5678,83,1.0
grier,83,1.0
tristanrenondin,83,1.0
yaqingxia18,83,1.0
kydlandgong,83,1.0
kalilio,83,1.0
marwanchehade1997,83,1.0
garethdpeters,83,1.0
shelbyjnk,83,1.0
stevocan,83,1.0
mehdi.akeddar,83,1.0
bradygarringer,84,0.3333333333333333
alimustafa,84,0.6666666666666666
kevinsaythavy,84,1.0
claireadams,84,1.0
michaeleppel,84,0.6666666666666666
cataanderson1103,84,0.6666666666666666
tylerwebb508,84,1.0
jesseschimpf,84,1.0
gregorynoble27000,84,0.6666666666666666
nathantokarz,84,1.0
jasonpowell1,84,1.0
lanlibsu,84,0.6666666666666666
kendranoneman,84,0.6666666666666666
tic_ticboom,84,0.3333333333333333
samuelmcmurdie,84,0.3333333333333333
chrisjones,84,1.0
raiflyon,84,1.0
forestswanson,84,1.0
monetalberts,84,1.0
henrikunold,84,1.0
arielweltner,84,1.0
hunterg54,84,1.0
johnpage,84,0.3333333333333333
scottbirks,84,0.6666666666666666
arvincunningham,84,0.3333333333333333
oliviamaryon,84,1.0
jiheonkwon,84,1.0
jadamsmiller,84,0.6666666666666666
gregorynoble,84,1.0
jameslamb,84,1.0
dcappell,85,0.125
kswiatk,85,0.125
tanayadhikary,85,0.125
dheeraj.peddireddy,85,0.125
paulmather,85,0.5
alafzi,85,0.875
ncummock,85,0.125
desai61,85,0.625
dfarache,85,0.25
guo307,85,0.125
kkoradiy,85,0.125
sanghik,85,0.125
mademoiselle0812,85,0.5
tfleck,85,0.125
huang714,85,0.625
vkattaku,85,0.75
sakin,85,0.125
ian.strachan9,85,0.25
jhartl,85,0.125
jm001,85,0.125
sahu2,85,0.125
kristiaan2017,85,0.5
rskoog,85,0.125
ddmckay,85,0.125
davi1004,85,0.125
lalzatev,85,0.125
sharm316,85,0.25
faltens,85,0.125
azadoks,85,0.125
psiripur,85,0.5
ren127,85,0.125
appelp,85,0.125
matthe18,85,0.125
yao201,85,0.125
pkaundin,85,0.125
atunga,85,0.375
unitas,85,0.125
zhou646,85,0.125
lpl,85,0.125
zhan1337,85,0.125
sabareesh169,85,0.375
seo71,85,0.125
pkolis,85,0.125
shah484,85,0.125
vjoiner,85,0.125
dbenham,85,0.25
tennant224,85,0.125
atkins18,85,0.125
gjhanwar,85,0.125
mcclurez,85,0.25
jaredwest,85,0.125
ma130029,85,0.25
mandejan,85,0.125
jverduzc,85,0.625
ianbernander,85,0.125
mahbub03,85,0.125
matthew.l.binkley,85,0.125
abhivictor2,85,0.25
beck50,85,0.125
kolispeter,85,0.125
mill1914,85,0.5
hschroad,85,0.125
peter496,85,0.125
alotaibi,85,0.125
mcclurez,86,1.0
vradkar,86,1.0
huntmartinm,86,1.0
nanohueb,86,1.0
hschroad,86,1.0
desai61,86,1.0
ian.strachan9,86,1.0
kristiaan2017,87,1.0
mcuaycong14,87,1.0
alafzi,87,1.0
jverduzc,87,1.0
valeriagrilloa,87,1.0
atrikana,87,1.0
vkattaku,87,1.0
mohammedch,88,0.5
relmac,88,0.5
hamidallahoussama622,88,1.0
elrhomariy,88,1.0
mohammed_drioueche,88,1.0
zouhir_alami,88,0.5
anas_mansouri,88,0.5
youssef_el_kantri,88,1.0
ocama89,88,0.5
hicham.belkebir,88,0.5
skyzelda,88,0.5
zouhirs,88,1.0
driss.aabour,88,1.0
sourakkata,88,0.5
ghostcodmw2,89,0.5
belen.moralesvega,89,1.0
mariadelman96,89,1.0
hikaru,89,1.0
ionemanuelmoralesrosales,89,1.0
paloma95,89,0.5
juanalejandro.delatorre.gonzalez,89,1.0
mariatirado,89,1.0
fabhuecas9,89,1.0
mozom96,89,1.0
enrique97,89,1.0
kiarahervella,89,1.0
josebruq,89,0.5
josesoto,89,1.0
jesusestevez1997,89,0.5
nanopablo,89,0.5
luciag,89,0.5
rokitocri,89,1.0
tatifersanchez,89,1.0
pablolgoso,89,1.0
fernandodiaz,89,1.0
raulghuelma,89,1.0
ruben29,89,1.0
jpnaviog,89,1.0
rafaelleon,89,1.0
xandar,89,0.5
adiaz97,89,1.0
carlosbarbero,89,1.0
lamberto,89,1.0
adrisantan25,89,0.5
espi,89,1.0
jotaeneeme,89,0.5
davidgruano,89,1.0
lauramaz,89,1.0
jaigro97,89,1.0
carmengomezh16,89,1.0
malena23,89,0.5
jesusestevez,89,0.5
albertodellop,89,1.0
franciscojaviern1997,89,1.0
jmleyva,89,1.0
nachoagrela,89,0.5
lluis,89,1.0
ramperrub,89,0.5
guidoah,89,1.0
robee97,89,1.0
theresa5000,89,1.0
joseantoniocuestareina,89,1.0
pablomartinhigueras,89,0.5
juaniandujar,89,0.5
mariofnavarro,89,1.0
eduardito,89,1.0
karlosjusus,89,1.0
eletorres,89,1.0
javier7,89,0.5
danielserrano,89,1.0
amontesplaza,89,0.5
ancap,89,1.0
mcdyre,89,1.0
adavidsubires,89,1.0
joaquinhernandez,89,1.0
claaudiaalvarez2,89,1.0
lucigd96,89,1.0
gonzalogbb,89,1.0
alberto_leon_cecilla,89,0.5
pablitoelfantasma,89,0.5
isabellopezcasas,89,1.0
nanojuanjo,89,1.0
crisalle,89,1.0
inmatt,89,0.5
abignu,89,0.5
pedromf,89,1.0
aloptor97,89,1.0
juanfran,89,1.0
pedrojjs97,89,1.0
miguelangelgv,89,1.0
marguiitar,89,0.5
cristinitaa23,89,1.0
antoniocaceres,89,0.5
ricardodavid,89,1.0
wyz,90,1.0
yxy960524,90,1.0
caglar.tamur,90,1.0
zjadidi,90,1.0
wangshu16,90,1.0
yuchen0418,90,1.0
mattmcd1,90,1.0
lrd19990503,90,1.0
justinxzhong,90,1.0
wuxinchun,90,1.0
jinhua96,90,1.0
acrutt,90,1.0
xiaozhao,90,1.0
jordanpburns13,90,1.0
xinya_niu,90,1.0
zhengyanlun,90,1.0
liuzhenghao,90,1.0
zhongpc,90,1.0
dogancansari,90,1.0
xiaoxi_huang,90,1.0
paulceralde,90,1.0
yuxl0722,90,1.0
evargo,90,1.0
chris_shan,90,1.0
ouyangce,90,1.0
alvinakam,90,1.0
ymengmandy,90,1.0
nwinner,90,1.0
tangyf,90,1.0
aaronschwartz77,90,1.0
sarahywang,90,1.0
dogancansari1,90,1.0
zijiancai,90,1.0
jenniferdonohue,90,1.0
mariacfolg,90,1.0
karafong,90,1.0
qixi_chen,90,1.0
rundongli,90,1.0
abruefach,90,1.0
luyaozhang420,90,1.0
tonyli,90,1.0
jimin_kim,90,1.0
chemnius1,90,1.0
kfctoday1121,90,1.0
normanzy98,90,1.0
clarissa,90,1.0
zengguobo,90,1.0
ellisrae,90,1.0
pceralde,90,1.0
nisarg_barot,90,1.0
ryanzhang,90,1.0
msiron,90,1.0
jordanphillipburns,90,1.0
mpsherb,90,1.0
samir.hossainy,90,1.0
jdagdelen,90,1.0
sun314618,90,1.0
ariannamaj,90,1.0
zhuokaix,90,1.0
lichenwang993,90,1.0
bengisu.sari,90,1.0
jiwenbo,90,1.0
cbcb512,90,1.0
djay_kamat,90,1.0
lym7820,90,1.0
fxxku,90,1.0
cestellos_blanco,90,1.0
yingzhi_sun,90,1.0
zjc710696154,90,1.0
edjiang,91,1.0
afa2117,91,1.0
km3400,91,1.0
dgl2126,91,0.5
aurban,91,0.5
jianzhou,91,1.0
rcm2184,91,1.0
espottesmith,91,1.0
jtvardner,91,1.0
manasashettys97,92,1.0
biotechnologybatch.2015,92,1.0
noorulainfatima15,92,1.0
shabyashachi,92,1.0
chinmayi.kashyap28,92,1.0
sssmitha97,92,1.0
shwethajayakumar97,92,1.0
noorarfa09,92,1.0
meghasg898,92,1.0
2509patilkomal,93,0.5
snehalavate3,93,1.0
kirannirmal57,93,1.0
patilvd7511vd,93,1.0
trishadesai1111,93,1.0
suchitraravan77,93,1.0
aadityapatil77,93,1.0
harkesayali19,93,1.0
ameysabnis134,93,1.0
sonalimiraje15,93,1.0
rutujaamate68,93,0.5
mrunalb1497,93,0.5
priyupawar0797,93,0.5
sahilmagdum,93,1.0
shubhangi6,93,1.0
utkarsha531998,93,0.5
snehalavate3,94,0.5
2509patilkomal,94,0.5
aadityapatil77,94,0.5
harkesayali19,94,1.0
revadekarchetan,94,1.0
ameysabnis134,94,1.0
mrunalb1497,94,1.0
shubhamyadav,94,1.0
pavanmkodam,94,0.5
sidved29,94,1.0
abigail.mrvos,95,1.0
bravicor,95,1.0
xieyiabner,95,1.0
azaleazheng,95,1.0
neilwang,95,1.0
cforsythe,95,1.0
williamzhang0821,95,1.0
turley.connor.j,95,1.0
tryeazel,95,1.0
sunbowen,95,1.0
xixi.qin,95,1.0
jepatte2,95,1.0
yongshinkim0216,95,1.0
fanzhang0815,95,1.0
jaardila,96,1.0
mafeflorian7,96,1.0
ae.penagoss,96,1.0
sn.vargas,96,1.0
alejandra.tobo1,96,0.5
ale_1201,96,1.0
juan98,96,1.0
fabser7,96,1.0
jeisson1299,96,1.0
apqc1998,96,1.0
felipehdz,96,1.0
josemajaramilloh,96,1.0
nanoxzapata,96,1.0
michaelj00,96,1.0
cceballos1003,96,1.0
solerjavier7,96,1.0
uniandes1,96,1.0
alesk1208,96,1.0
julissa.vigoya,96,1.0
maria.a.solano.otero,96,1.0
jufepas98,96,1.0
juliortegon,96,0.5
mugnier,96,1.0
gonzaloemr,96,1.0
kevinbernalru,96,1.0
haroldsteven013,96,0.5
v.cardonac1,96,1.0
jchaparrog10,96,0.5
juanpa10210,96,0.5
ma.mozo,96,1.0
nicolash025,96,1.0
df.pena12,96,1.0
sebas.villaba2002,96,1.0
jhonseebb,96,1.0
manolobetancur,96,1.0
carlos.cg.gomez,96,1.0
adrianapquijanoc,96,0.5
niko_abril_cruz,96,1.0
svitery,96,1.0
s.villamilp,96,1.0
amritpal95,97,1.0
enricobaiano1,97,1.0
loris_ee,97,1.0
lorenzo.mazzoli,97,1.0
maicol41093,97,1.0
mattiasaccaggi,97,1.0
ee17btech11034,98,0.75
maaz777,98,0.25
ee17btech11012,98,0.75
dheerajracha,98,0.75
k.vamshika,98,0.75
amballaavinash,98,0.25
ee17btech11048,98,0.5
yogeshsingiresu,98,0.25
parimiamrit,98,0.25
siddharthmanu500,98,0.75
ee17btech11021,98,0.75
ee17btech11011,98,0.25
aakashdaswani,98,0.25
es16btech11026,98,0.75
pranjalshiv123,98,0.5
falconrider10,98,0.75
ee17btech11030,98,0.25
ee17btech11006,98,0.75
emani,98,0.25
124guna,98,0.75
prag,98,0.75
aayusharora48,98,0.25
karthikp,98,0.75
ee17btech11050,98,0.75
ee17btech11040,98,0.75
madhurima143,98,0.25
yogeshubbu,98,0.5
ee17btech11016,98,0.75
ee17btech11025,98,0.75
ee17btech11014,98,1.0
ee17btech11009,98,0.25
vallurureddykhaja,98,0.25
manideepvuppala,98,0.25
ee17btech11013,98,0.75
abhishek462000,98,0.25
alexaagatha16,98,0.25
raktim,98,1.0
taruntejreddych,98,0.75
ananth7121999,98,1.0
kurakula.vamshika,98,0.25
pradeepmoturi,98,0.75
ee17btech11037,98,0.75
sumanthcherupally,98,1.0
yash6499,98,0.75
ee17btech11008,98,0.25
ee17btech11036,98,1.0
ee17btech11043,98,0.25
knsiddharth,98,0.75
mimimichael,99,1.0
liuyuan18,99,1.0
zengkun,99,0.5
ayue,99,1.0
niepb.k,99,1.0
tangxiaowei,99,1.0
ddawg,100,1.0
sshan009,100,1.0
bchen026,100,1.0
raymondnguyen51,100,1.0
seiginokishidan,100,1.0
tasmitasmi,100,1.0
jpena017,100,1.0
nsciu001,100,1.0
heatinglemon,100,1.0
abdullah.s.karar,101,1.0
alialjuma,101,1.0
ebrahim,101,1.0
mhd148,101,1.0
taifsaleh22,101,1.0
ssmmoo,101,1.0
abanoub_ibrahim,101,1.0
esmarafi98,101,1.0
ruqaya30aum,101,1.0
zahraaismail35928,101,1.0
rehamalrejeebah34,101,1.0
shaheen_098,101,1.0
cerebrus989,101,1.0
ms.alqotifi,101,1.0
duha23,101,1.0
himepi96,101,1.0
nano_particle,101,1.0
a7med0galaxy,101,1.0
reemaldalamah,101,1.0
zahraa142aum,101,1.0
akarar,101,1.0
yousefalali_,101,1.0
teyrxq8,101,1.0
mariam6697,101,1.0
sarah9966,101,1.0
boomboom3abod,101,1.0
anfal55,101,1.0
daiyooona,101,1.0
huda98,101,1.0
lujain26428,101,1.0
saud80,101,1.0
ali996,101,1.0
malekderbas122,101,1.0
donthefalcon,101,1.0
ghadeer,101,1.0
yousefalnafea,101,1.0
alaa.ekaram,101,1.0
syahmikml,102,1.0
thayyibathadmi,102,1.0
shenvern1105,102,0.5
jaysaw3,102,1.0
hakimiikmal4,102,1.0
thuvaskrishnan,102,1.0
derekliew7,102,1.0
juzairi08,102,1.0
yuva96,102,1.0
turiyadeva,102,0.5
tuanaiman,102,1.0
wahideen_wbk,102,1.0
ccteh0196,102,0.5
aqilazman,102,1.0
liya,102,1.0
shahrul_iqmal,102,0.5
syawalnaim2102,102,1.0
hairidesigner,102,1.0
azzalea96agus,102,0.5
adrtee,102,0.5
surabhi18217,103,1.0
gurpreet15140,103,1.0
harsh16150,103,1.0
ashish18157,103,1.0
sarthak16190,103,1.0
jasmine18202,103,1.0
ehtesham18199,103,1.0
studsuper50,103,1.0
nowudontknowme,103,1.0
shuchi18224,103,1.0
tarun14168,103,1.0
parth15156,103,1.0
shubhesh18216,103,1.0
shivam15177,103,1.0
juilly,103,1.0
puneet16178,103,1.0
shivani18223,103,1.0
vaishali18220,103,1.0
imrajat,103,1.0
pankaj16176,103,1.0
subhadipporia,103,1.0
shivam18214,103,1.0
vishal16207,103,1.0
sagar17115,103,1.0
shubham18176,103,1.0
abhinavg,103,1.0
feraj.husain,103,1.0
puneet15159,103,1.0
subhadip17124,103,1.0
saurav15174,103,1.0
akshay18193,103,1.0
aakash18191,103,1.0
rajat15162,103,1.0
yogesh15193,103,1.0
sagar15167,103,1.0
sambhav14158,103,1.0
aminah,103,1.0
kumari18221,103,1.0
mridul15149,103,1.0
anchal18155,103,1.0
shivam18215,103,1.0
rajat16182,103,1.0
sahil16184,103,1.0
harsh161500,103,1.0
shaikh18213,103,1.0
anubhav15128,103,1.0
paras15154,103,1.0
neerupama18209,103,1.0
manshi18207,103,1.0
smartvedi,103,1.0
prateek18211,103,1.0
dhaval_1104,103,1.0
hnspoorthy,103,1.0
priyanka18169,103,1.0
dheeraj15138,103,1.0
arij18208,103,1.0
adityadiundi,103,1.0
maddineni18206,103,1.0
tushar18218,103,1.0
aparna18196,103,1.0
kunal15145,103,1.0
aman18194,103,1.0
ankur14019,103,1.0
avdesh15135,103,1.0
sambeet15168,103,1.0
saumya15172,103,1.0
hakimiikmal4,104,1.0
thuvaskrishnan,104,1.0
adrtee,104,1.0
hairidesigner,104,0.5
juzairi08,104,1.0
syahmikml,104,1.0
aqilazman,104,0.5
lavanyanadarajan,104,0.5
thayyibathadmi,104,1.0
yuva96,104,0.5
tuanaiman,104,0.5
shahrul_iqmal,104,1.0
sarmila.krishnan,104,1.0
wahideen_wbk,104,1.0
ccteh0196,104,1.0
syawalnaim2102,104,0.5
tttakoglu16000,105,1.0
meltemsbreezes,105,1.0
ulasgorcelioglu,105,1.0
melisozkarr,105,1.0
okanircann,105,1.0
ozgurdenizkz,105,1.0
akoglutayyip,105,1.0
fatiherdgn25,105,1.0
artemivanov1,106,1.0
yul_20397,106,1.0
sasha61,106,1.0
silverbeats01,106,0.5
kosincevxx,106,1.0
pereverzevaan17,106,1.0
yobaniywaggon,106,0.5
nykytas,106,1.0
yulia_20397,106,0.5
darshna1604,107,1.0
yutingchen,107,0.75
shuaifeng,107,1.0
jthakka2,107,0.75
xyzzhanggan,107,0.25
luvpreet,107,0.75
soham947,107,0.5
sshinde4,107,0.75
szhan152,107,0.75
sharayu96,107,0.5
jayyflores,107,0.75
sudarsan1995,107,1.0
zxu45,107,1.0
hhonarv1,107,1.0
artemivanov1,108,1.0
yul_20397,108,1.0
stas.gaev.98,108,1.0
celepharn,108,1.0
sasha61,108,1.0
kosincevxx,108,1.0
pereverzevaan17,108,1.0
katherynelperry,108,1.0
yulia_20397,108,1.0
basem.ali95,109,1.0
serag,109,0.5
waheed.ahmed12,109,0.5
ahmeis,109,0.5
kareem.men3em,109,0.5
omarazooz,109,0.5
bakr,109,1.0
mohamedsaleh106,109,0.5
ahmed_moustafa_94,109,0.5
ahmedraouf,109,1.0
islam_hisham,109,0.5
mohamed.ah.omran,109,1.0
mohamed.h.mamdouh,109,1.0
mohamedmsaad66,109,1.0
gohari95,109,0.5
elgohari95,109,0.5
ahmed_raafat,109,0.5
asmaa_abdelmegeed.,109,1.0
mhesham2018,109,0.5
mica5555,110,0.25
mica55,110,0.25
ipetrovecki,110,0.75
az49711,110,0.25
dominik76,110,0.25
pero.djuric13,110,0.25
lovro.markovic,110,0.25
mihovilberam,110,0.5
matijapucek,110,0.75
ivansirovina,110,1.0
dariosirovina0,110,0.75
matej.cinderela,110,0.75
djogot,110,0.25
mmatic2010,110,1.0
harsh16150,111,1.0
imrajat,111,1.0
dheeraj15138,111,1.0
yogesh15193,111,1.0
parth15156,111,1.0
vishal16207,111,1.0
shivam18215,111,1.0
sahil16184,111,1.0
rajat16182,111,1.0
harsh161500,111,1.0
sandeep.sd,112,0.09090909090909091
sanjita.s,112,0.7272727272727273
jesal.t,112,0.09090909090909091
nikita.us,112,0.8181818181818182
rahul.ys,112,0.5454545454545454
joshinirmit,112,0.09090909090909091
rajas.b,112,0.09090909090909091
solo_c0p,112,0.18181818181818182
gandhi.j,112,0.2727272727272727
urvi.panchal,112,0.36363636363636365
shukla.s,112,0.36363636363636365
vatsal23,112,0.2727272727272727
aditya.aher,112,0.09090909090909091
ashok.bp,112,0.2727272727272727
vaishnavi.soni,112,0.18181818181818182
yash.mhatre,112,0.18181818181818182
siddhesh.y,112,0.36363636363636365
sonali.gavkar,112,0.6363636363636364
neha.hg,112,0.09090909090909091
vaishnavimahukar28,112,0.45454545454545453
aakashrai119,112,0.09090909090909091
smita.n,112,0.5454545454545454
prashb547,112,0.36363636363636365
anjana.bhave,112,0.09090909090909091
anushkumar,112,0.09090909090909091
pranav.ss,112,0.18181818181818182
soureen.g,112,0.18181818181818182
sarika,112,0.18181818181818182
rohitkadam702,112,0.45454545454545453
pawan.mojar,112,0.36363636363636365
rohit.vhatkar,112,0.45454545454545453
aniruddh.s,112,0.36363636363636365
akshaykumar.ks,112,0.2727272727272727
jagruti.patil,112,0.6363636363636364
kharatomkar24,112,0.36363636363636365
omkar.kharat,112,0.2727272727272727
debosmita.b,112,0.09090909090909091
tapan.garge,112,0.09090909090909091
gaurav.dangat,112,0.09090909090909091
nikitamittal97,112,0.36363636363636365
tanvi2881998,113,1.0
aqibkazi10,113,1.0
josephpatole23,113,1.0
megauripawar,113,1.0
morechinmay123,113,1.0
omkarjoshi403,113,1.0
maxgruen,114,1.0
atugman,114,1.0
nanoushe,114,1.0
fanbsun,114,1.0
ajwhelan,114,1.0
youngs2,114,1.0
soali,114,1.0
jackclar,114,1.0
eliphil,114,1.0
jkrzesni,114,1.0
mshassan,114,1.0
madfain,114,1.0
rmneubau,114,1.0
gcantor,114,1.0
sabinadzafic1,115,1.0
goranka,115,1.0
metalian8,115,1.0
josipadiklic,115,1.0
mfilipasic,115,1.0
aso,115,1.0
avidov,115,1.0
cindric19,115,1.0
juraj.ovcar,115,1.0
pgazdek,115,1.0
andrejkontrec,115,1.0
leonardokrleza,115,1.0
jsputnam,116,1.0
cmsmudde,116,1.0
jbuegel,116,1.0
jiaminch,116,1.0
alecr,116,1.0
dpsnider,116,1.0
kaigoodman,116,1.0
jkmason,116,1.0
louzhong,116,1.0
ericzz35,116,1.0
pgcarls,116,1.0
ethawsaw,116,1.0
ksilva,116,1.0
edstone,116,1.0
ehvicta,116,1.0
rjbalbin,116,1.0
irphilli,116,1.0
ohyli1997,116,1.0
simba888,116,1.0
bjamadagni,116,1.0
nshlesin,116,1.0
bradyrob,116,1.0
birdboy,116,1.0
raetaylor,116,1.0
shenghan19,116,1.0
markwang,116,1.0
aflorman,116,1.0
wgmoore,116,1.0
mdengquist,116,1.0
saway,116,1.0
mswin,116,1.0
ytaeyang,116,1.0
asdsgsg,116,1.0
adlwang,116,1.0
makoli,116,1.0
jewski,116,1.0
aleckschwartz,116,1.0
dllivsch,116,1.0
astrong,116,1.0
chiyuan97,116,1.0
ziraza,116,1.0
saffrondon,116,1.0
avignes31,116,1.0
petercarlson05,116,1.0
itparson,116,1.0
malba,116,1.0
priya9598,116,1.0
dmolivei,116,1.0
kganesan1,116,1.0
jms094,116,1.0
coll428,116,1.0
ndfan97,117,0.5
adahik,117,1.0
hmelzer,117,1.0
rewiley,117,1.0
jarebstock,117,1.0
hrichards42,117,1.0
pglynch,117,1.0
isstevens,117,1.0
supun06,118,1.0
vjadhao,118,1.0
smarru,118,1.0
jasakadu,118,1.0
ballarj,118,1.0
matthewhyder01,119,1.0
simranc,119,1.0
kd3591115,119,1.0
ireland.gentile,119,1.0
a_4cash,119,1.0
angelaes,119,1.0
elliotthook,119,1.0
barat.abid,119,1.0
adflanaganlfc,119,1.0
abarbour,119,1.0
emilyg3110,119,1.0
lo51,120,1.0
nguye207,120,1.0
zach.debernardo,120,1.0
aeb,120,1.0
mleppert,120,1.0
baseballnut97,120,1.0
lee2692,120,1.0
nan.jia.0804,120,1.0
cranen,120,1.0
bryniqua.payne,121,0.75
majadah,121,1.0
larryhunter28,121,0.25
lanre,121,1.0
zhanerobinson,121,1.0
tomekiasimeon,121,0.75
skylar.woodard,121,1.0
bryniqua.payne,122,1.0
majadah,122,1.0
larryhunter28,122,1.0
lanre,122,0.5
zhanerobinson,122,1.0
tomekiasimeon,122,0.5
skylar.woodard,122,1.0
rodri576,123,1.0
kramer73,123,1.0
clark472,123,1.0
crdieterlen,123,1.0
christyt,123,1.0
flore159,123,0.5
sam.mattingly57,123,1.0
vollstedtjoseph,123,1.0
jake9903man,123,1.0
yigitkuscu,124,1.0
agiordan,124,1.0
derlet,124,1.0
ymeier,124,1.0
addkol,124,1.0
rasoolahmad.a,124,1.0
valentinlafondrive,124,1.0
bharathn,124,1.0
matmat,124,1.0
dadaniel,124,1.0
moisesvazquez,124,1.0
recep.kubilay,124,1.0
mblaauw2,125,1.0
hjr2,125,1.0
zehuahe2,125,1.0
conanw2,125,1.0
tss3,125,1.0
tz11,125,1.0
jinwoo2,125,1.0
jgruber3,125,1.0
chanmin2,125,1.0
shirani,125,1.0
jungeun5,125,1.0
wkeaty2,125,1.0
wsuk2,125,1.0
hf4,125,1.0
ssutyak2,125,1.0
naisong2,125,1.0
edimare2,125,1.0
ablee2,125,1.0
rhalton2,125,1.0
cbo3,125,1.0
srb2,125,1.0
pwalke9,125,1.0
vtagare2,125,1.0
avw2,125,1.0
omarma2,125,1.0
joshuas8,125,1.0
qiuhuic2,125,1.0
danayun2,125,1.0
pittges2,125,1.0
iflueck2,125,1.0
kevinjl3,125,1.0
jjwilde2,125,1.0
anunez38,125,1.0
txyang2,125,1.0
jinsup2,125,1.0
anirula2,125,1.0
jkubota2,125,1.0
lsienko2,125,1.0
mw21,125,1.0
dcpang2,125,1.0
jtkach2,125,1.0
domanus2,125,1.0
tsehgal2,125,1.0
rvplank2,125,1.0
gcangi2,125,1.0
chguo2,125,1.0
zhixin2,125,1.0
arhode2,125,1.0
kyang37,125,1.0
augustocesk2034,126,1.0
arbol2416,126,0.5
geflores343,126,1.0
glloperenah,126,1.0
frankie.hdzfig,126,1.0
levi,126,0.5
luisv33985,126,1.0
mario_fernando,126,1.0
esauar,126,1.0
21itzel.julio,126,1.0
salmacp7,126,1.0
portillo90,126,0.5
sergio.alejandro.pg,126,1.0
sebastianer,126,1.0
elizabeth_mendoza,126,0.5
yulissaevazquez,126,0.5
luismunoz,126,1.0
alan.ramirez096,126,1.0
adrianrakes,126,1.0
karinamadrigal,126,1.0
euniceolay,126,0.5
rjimenez,126,1.0
joseluis35,126,1.0
redwing,126,1.0
cielo,126,1.0
amadormpphy,126,1.0
dabuce31,126,1.0
aida.mir.cor,126,1.0
pmuxea,126,1.0
orgp,126,1.0
laylet.rterrazas,126,1.0
kylewang811,127,1.0
maitegoiriena,127,1.0
celinespathias,127,1.0
hanumansingh,127,1.0
mschooljian,127,1.0
mbrasil14,127,1.0
diego.rodriguez.c,128,1.0
drcid98,128,1.0
nayita210,128,1.0
nicolas.aylwin,128,1.0
eduardo.saavedra.d,128,1.0
capitanespiral,129,1.0
verolorcadiaz,129,1.0
saavedra.pfm,129,1.0
nicolas.aylwin,129,1.0
eduardo.saavedra.d,129,1.0
toms25.y.c,129,1.0
smiljan87,129,1.0
capitanespiral1,129,1.0
mast4941,130,1.0
shwo0146,130,1.0
behe0119,130,1.0
seet2841,130,1.0
cije3835,130,1.0
sesh9366,130,1.0
dyho9085,130,1.0
chva6514,130,1.0
brki4304,130,1.0
vezh9312,130,1.0
miev4575,130,1.0
nuum0371,130,1.0
erda6022,130,1.0
jajo8985,130,1.0
rico4091,130,1.0
ruva8462,130,1.0
jasc6140,130,1.0
juji9496,130,1.0
tygo2823,130,1.0
ryni0948,130,1.0
cmcc,131,1.0
cbatali,131,1.0
melodyw,131,1.0
fmartinm9,131,1.0
bazhar,131,1.0
ycao01,131,1.0
rskye,131,1.0
arshan.ansari002,132,1.0
rohanotari21,132,1.0
sukanyajadhav1997,132,1.0
rajashree.pimputkar,132,1.0
anujmdeorukhkar,132,1.0
javedptl,132,1.0
rohit.elawadekar333,132,1.0
salvir481,132,1.0
owais11,132,1.0
ankitagamare2218,132,1.0
gabru1803,132,1.0
arshan.ansari002,133,1.0
priyankakamble,133,1.0
msawant869,133,1.0
abhishektoraskar412,133,1.0
saketnaik,133,1.0
ashu0497,133,1.0
priyankakunde22,133,1.0
shraddhagadankush1998,133,1.0
sohammhas,133,1.0
siddhant8291,133,1.0
aritramondal151,133,1.0
aloksardesai97,133,1.0
prathameshpatle13,133,1.0
owais11,133,1.0
ankitagamare2218,133,1.0
mayur.manve4,133,1.0
kaustubhpore,134,1.0
siddheshposam20,134,1.0
abdullahmukhi70,134,1.0
akshayclanwars,134,1.0
atharvajadhav98,134,1.0
kapil1410,135,1.0
shreyagupta0807,135,1.0
amey.mahadik,135,1.0
sandesh.jain,135,1.0
rajvee.theultimate,135,1.0
anchal.jaiswal,135,1.0
sugandhanisrad1997,135,1.0
darshana.mehta,135,1.0
rajeev.moghe,135,1.0
prajaktakolekar,135,1.0
dilipramgir,136,1.0
max_mercury,136,1.0
neha10patade,136,1.0
pranay.kesarkar1,136,1.0
rishimud,136,1.0
kajaldevake30,136,1.0
roshanpoojari31,136,1.0
rahulkadam7055,136,1.0
nandakale98,136,1.0
shelar.chetan4,136,1.0
kedar.kulkarni12,136,1.0
harshalisawant92,137,1.0
shettynisha131,137,1.0
ishayadavie21,137,1.0
pshindekov,137,1.0
ankitwolf14,137,1.0
nevilpooniwala,137,1.0
sugandhanisrad1997,137,1.0
swastikadigha31,137,1.0
rasikapednekar20,138,1.0
sonalikharade5,138,1.0
ashnavirdikar.av,138,1.0
dshantanu2902,138,1.0
akshatask,138,1.0
iammayuri3,138,1.0
arpitgodbole7,138,1.0
susmeetsukte,138,1.0
smeriam,139,1.0
cmoneyro,139,1.0
park736,139,1.0
sumamah,139,1.0
brand9,139,1.0
mckenz12,139,1.0
amaghare,139,1.0
jhartl,139,1.0
akirtley,139,1.0
patel357,139,1.0
balasub9,139,1.0
jang144,139,1.0
cheng236,139,1.0
oojedara,139,1.0
cguarini,139,1.0
mhierlma,139,1.0
ndonorio,139,1.0
haines18,139,1.0
rkitchin,139,1.0
kjbolek0826,139,1.0
jroar21,139,1.0
bird4,139,1.0
hharjono,139,1.0
novak35,139,1.0
smit3426,140,1.0
dcaples,140,1.0
singh509,140,1.0
jlebrun,140,1.0
kalward,140,1.0
bjagielo,140,1.0
john2272,140,1.0
culver9,140,1.0
wilso967,140,1.0
aardigo12,140,1.0
mchmielo,140,1.0
pointsedge,141,0.5
erickg,141,0.5
siu853667486,141,0.5
ampm1223,141,1.0
vincentmarchio24,141,0.5
craizk,141,1.0
siu853936640,141,0.5
spencer.travis97,141,0.5
maryesperancia,141,0.5
mousaeid96,141,0.5
kramernolan4,141,0.5
nathansadlab,141,0.5
guxci2019,141,1.0
falconrider10,142,1.0
raktim,142,1.0
yogeshubbu,142,1.0
ee17btech11009,142,1.0
ee17btech11014,142,1.0
manideepvuppala,142,1.0
guxci2019,143,1.0
michaelroberto98,143,1.0
natexdog9800,143,1.0
xrazepridex,143,1.0
ryleec23,143,1.0
zunaidur.rashid,143,1.0
nihansulukoy,144,1.0
ulasgorcelioglu,144,1.0
nagihankececi,144,1.0
yilmazberat1997,144,1.0
mmert.bacak,144,1.0
elifisparta38,144,1.0
zubeydekal37,144,1.0
gurindergarcha98,145,1.0
yuejiaqi1,145,1.0
keshavdidi,145,1.0
sophia00,145,1.0
bpbkaminski,145,1.0
bnanojeff,145,1.0
chenlingjie38,145,1.0
lusiyang93,145,1.0
varlamovand,145,1.0
mollyrathore.18,145,1.0
tarek20501,145,1.0
kvziwc,145,1.0
davinb,145,1.0
hm.am.da,145,1.0
fatplatypus69,145,1.0
phonegamepc,145,1.0
felipedavidsp,145,1.0
jerryli0711,145,1.0
mattbalisky,145,1.0
shininamuthiora,145,1.0
nimakondori96,145,1.0
ankitubc,145,1.0
mrg31415926,145,1.0
norton.huang,145,1.0
hzlzyuan,145,1.0
quinnw115,145,1.0
brunorodriguez1998,145,1.0
chenxi9649,145,1.0
caoboxuan1998,145,1.0
samiha_hassan,145,1.0
masoudmokht,145,1.0
austalavistababy,145,1.0
felipeballesteros1,145,1.0
lee.johnny.2014,145,1.0
anoophundle,145,1.0
amevipin,145,1.0
saminsss,145,1.0
edwardleelk123,145,1.0
evelynguo0505,145,1.0
chen.hugh1998,145,1.0
nyazdi,145,1.0
bjugraj,145,1.0
josborne,145,1.0
baili19,145,1.0
parisa.esh,145,1.0
s.ganapathy.52,145,1.0
djm1411,145,1.0
zachfu97,145,1.0
gandersen26,145,1.0
jdcanlas7,145,1.0
reyesmiguel888,146,1.0
raquelz48,146,1.0
dragonswrath,146,1.0
ivan0703,146,1.0
osacosta,146,1.0
contiveros7,146,1.0
gisel.fregoso,146,1.0
hehasan,146,1.0
koagbita,146,1.0
anieto5,146,1.0
cesarin159,146,1.0
kirito,146,1.0
jmckenzie,146,1.0
jisaucedo,146,1.0
cgmartan,146,1.0
jscordero1,146,1.0
eliot9700,146,1.0
daniboy12,146,1.0
lrburgueno,146,1.0
ponchitofam,146,1.0
landa.esteban,146,1.0
vflombrana,146,1.0
fdo.glz,146,1.0
jgonza4643,146,1.0
alexmartinezzero,146,1.0
jalujan8,146,1.0
teck60osc,146,1.0
usuarez11,146,1.0
amarin2997,146,1.0
ahmad.abdulraheem,146,1.0
dterrazas3,146,1.0
drhodges,146,1.0
meni72,146,1.0
fvaldezroman,146,1.0
cmflores10,146,1.0
jarrah_5011,146,1.0
xbaca,146,1.0
oscarelozano,146,1.0
infinity444phi,146,1.0
willbouns,146,1.0
jorge1799,146,1.0
dvillalva21,146,1.0
icasper2,146,1.0
joejones143,146,1.0
ivan07guerrero,146,1.0
minjares.jesus.ths,146,1.0
aguade03,146,1.0
aramirez64,146,1.0
parkita,146,1.0
carlosmata,146,1.0
asolis21,146,1.0
alanrayharr,146,1.0
lmelend1,146,1.0
mmedina340,146,1.0
cynthia.oaxaca3,146,1.0
crysdbz.22,146,1.0
diegoerickherrera,146,1.0
crojas7,146,1.0
laarvizu,146,1.0
nsimla,146,1.0
shaffert,147,1.0
wynvlntkd,147,1.0
lamho,147,1.0
johngould1997,147,1.0
walcottr,147,1.0
muldowneyc2019,147,1.0
fernajes,147,1.0
krusea,147,1.0
paulrakowicz,147,1.0
vandphil,147,1.0
kellymyers,147,1.0
dakota1268,147,1.0
oconnomi,147,1.0
megang1218,147,1.0
kweze118,147,1.0
cacost919,147,1.0
odemc,147,1.0
adhikarr95,147,1.0
baatarb,147,1.0
jpjauw,147,1.0
raib,147,1.0
barrsw3,147,1.0
snjohnson1,148,1.0
lefr95,148,1.0
sjr0031,148,1.0
jamccauley,148,1.0
jphiggins,148,1.0
gpkelly,148,1.0
gombut,149,1.0
aronchino6,149,1.0
perezsarmar,149,1.0
pvalladaresfdez,149,1.0
paularodriguez,149,1.0
alexis.perez183,150,1.0
bianca11,150,1.0
jonah.mauxion,150,1.0
maximelemieuxtanguay,150,1.0
trevor.tartaglia,150,1.0
elie_9742,150,1.0
redzuan11,151,1.0
exjamil,151,1.0
kishen260499,151,1.0
tamchouweng,151,1.0
felice,151,1.0
yuchennn,151,1.0
hong_gao,151,1.0
wanwan1103,151,1.0
kie180029,151,1.0
amni99,151,1.0
zikrizaki88995,151,1.0
macbelieve,151,1.0
chenyongchang,151,1.0
khor,151,1.0
ashsaifullizan97,151,1.0
zahrajl124,151,1.0
jazlilong,151,1.0
alifzulkifli99,151,1.0
desmondsoon,151,1.0
youxing0309,151,1.0
moontasirsoumik,151,1.0
mouxingyu121314,151,1.0
kie180028,151,1.0
wanchin,151,1.0
aesaraismat,151,1.0
izzat2774,151,1.0
18081357278hjh,151,1.0
mahafizuddin,151,1.0
nabilah1403,151,1.0
cheokonn,151,1.0
juneeee98,151,1.0
yjenyiee155,151,1.0
syedzakwan,151,1.0
musabmalek0717,151,1.0
adamalfian__,151,1.0
jrohman,152,1.0
tthieles,152,1.0
mshisheh,152,1.0
starr21,152,1.0
muelle77,152,1.0
wan52,152,1.0
vwallema,152,1.0
mcdona85,152,1.0
davids19,152,1.0
xng,152,1.0
aguyre,152,1.0
jkueche,152,1.0
nafandi,152,1.0
shaw108,152,1.0
nramli,152,1.0
cpiepen,152,1.0
caldwe29,152,1.0
smit3180,152,1.0
rao75,152,1.0
gmclaugh,152,1.0
cbischof,152,1.0
shaw108,153,1.0
caldwe29,153,1.0
chunyuli,153,1.0
rao75,153,1.0
cbischof,153,1.0
leedohyun,154,1.0
yoojeong,154,1.0
rlaguswn0203a,154,1.0
hs1025,154,1.0
smgrace2012,154,1.0
duswjdqls1,154,1.0
kmg9137,154,1.0
lmo970901,154,1.0
myers283,155,1.0
radhakr3,155,0.5
stewa207,155,1.0
atamvaki,155,0.5
krishn75,155,1.0
cheeseballs99,155,0.5
wscottharding,155,0.5
kole.mcginn,155,0.5
jbarsima,155,0.5
singh386,155,0.5
blohithrao,155,0.5
klein61,155,0.5
sundara6,155,0.5
jtwaddle,155,0.5
hriddle,155,1.0
jlueck,155,1.0
rachel318318,155,1.0
dast,155,1.0
kswiatk9581,155,0.5
aharbin,155,1.0
azalar,155,1.0
marcusgunyon,155,1.0
marisol,155,0.5
bfielde,155,1.0
slagles,155,0.5
mmoulin,155,0.5
ali85,155,0.5
nfschadler,155,1.0
lin814,155,0.5
jmeneze,155,0.5
afalkenb,155,1.0
post10,155,1.0
bjendrus,155,0.5
xie317,155,1.0
jtonges,155,0.5
matthewguido,155,0.5
rauche,155,0.5
atkins18,155,0.5
kevinodonnell0878,155,1.0
zooks99,155,1.0
agalema1027,155,0.5
knies0,155,1.0
batram,155,1.0
zyma,155,1.0
brenna13,155,0.5
ffrank,155,0.5
mmulter,155,1.0
ianbernander,155,1.0
jboulayd,155,1.0
awassmer,155,0.5
cole141,155,1.0
kolispeter,155,0.5
fmuehlem,155,0.5
sgudeman,155,0.5
vpatel,155,0.5
hali85,155,0.5
sdhillo,155,1.0
coloradete,156,1.0
davidmalcor,156,1.0
elena1202,156,1.0
ginton23,156,1.0
juanolmo,156,1.0
maykeljg14,156,0.5
ivanna,156,0.5
fmgomez,156,0.5
snehalavate3,157,1.0
kirannirmal57,157,1.0
patilvd7511vd,157,1.0
trishadesai1111,157,1.0
aadityapatil77,157,1.0
harkesayali19,157,1.0
revadekarchetan,157,1.0
ameysabnis134,157,1.0
sonalimiraje15,157,1.0
mrunalb1497,157,1.0
priyupawar0797,157,1.0
shubhamyadav,157,1.0
shubhangi6,157,1.0
pavanmkodam,157,1.0
utkarsha531998,157,1.0
sidved29,157,1.0
vinaykumarreddy1221,158,1.0
vasuramadurgam,158,1.0
ruchibagwe,158,1.0
yeshwanthbugata,158,1.0
agnessanjana,158,1.0
jlinxciv,158,1.0
raveenavijaya9,158,1.0
ushah,158,1.0
btl,158,1.0
varshil01,158,1.0
ajitesh,158,1.0
thanat.t,158,1.0
rutujazinjal08,159,1.0
sakshi.manerkar,159,1.0
hardik.ashokbhai,159,1.0
trivedivedansh,159,1.0
urvi181,159,1.0
preetashahh,159,1.0
mansi.malik.17cse,160,1.0
nikita.agarwala.17cse,160,1.0
nikita.arora.17csc,160,1.0
jsiddhant12,160,1.0
m.ananya.17cse,160,1.0
pnarasimha,160,1.0
codexas,160,1.0
imkrishh3,160,1.0
rahul.kalapala,160,1.0
vishal.sharma.17csc,160,1.0
kurmala.vishnu.17ece,160,1.0
mharshakishan,160,1.0
agarwallakshya,160,1.0
tumati.praneeth.17cse,160,1.0
nkonsam,160,1.0
anushk123,160,1.0
tanishqgarg,160,1.0
naushik,160,1.0
omrahulchauhan,160,1.0
yaralahruthik,160,1.0
rohit.sharma.17csc,160,1.0
kakhil201,160,1.0
salea656,161,1.0
heftsirag1982,161,1.0
avirammm5,161,1.0
jennyb1130,161,1.0
bar.zamed,161,1.0
dimasin29.5,161,1.0
roby.zeevi,161,1.0
sapir,161,1.0
anfal,162,1.0
heba.30936.aum,162,1.0
bilaljaba,162,1.0
aishah,162,1.0
alyaasm96,162,1.0
s41751,162,1.0
wafarag,162,1.0
abstraxt,162,1.0
nopha96,162,1.0
ady24k,163,1.0
verma_34dh,163,1.0
urmilabachate20,163,1.0
nanomems226,163,1.0
kiranjagdale292,163,1.0
priyankasingh754,163,1.0
kajalbhoite04,164,1.0
dilipramgir,164,0.5
rasikapednekar20,164,1.0
abhishektoraskar412,164,0.5
anujmhatre43,164,0.5
divyassonawane,164,1.0
ashu0497,164,0.5
gauribahatkar,164,1.0
bhai0045,164,1.0
rahulbirwadkar123,164,1.0
seemasaini282,164,0.5
urmil1700,164,0.5
sanjit,164,1.0
rakeshpatil3019,164,0.5
adisawant333,164,0.5
shripal17,164,0.5
rakeshpatil9271,164,1.0
nikwade.damini95,164,0.5
sukanyajadhav1997,164,1.0
priyankakunde22,164,0.5
rishimud,164,0.5
sanket.r.makwana,164,0.5
ashnavirdikar.av,164,1.0
sohammhas,164,0.5
rushikeshkharat18,164,0.5
rahulkadam7055,164,0.5
salvir481,164,1.0
arpitakudesia3011,164,0.5
aritramondal151,164,0.5
welingnamrata,164,0.5
prathameshpatle13,164,1.0
hsnnalwala7,164,0.5
ajinkyasoman,164,0.5
prajaktathorat24,164,1.0
bendalneha,164,0.5
prathamesh.shivmare1,164,0.5
arfat_24,164,0.5
rohanotari21,164,0.5
ovrale,164,0.5
sourabhkothari16,164,1.0
100vichare,164,0.5
akankshachandoskar1198,164,1.0
aquibansari12377,164,1.0
pnrs.pratik,164,0.5
rushikeshrane27,164,0.5
anujmdeorukhkar,164,1.0
pranjalijadhav0911,164,0.5
kalyanisahib96,164,0.5
rohit.elawadekar333,164,0.5
zainabshah181997,164,0.5
siddhesh.soyane,164,0.5
pjkarmokar,164,0.5
kedar.kulkarni12,164,1.0
durgeshthorat4,164,0.5
pranalikothekar5,164,1.0
priyankakamble,164,0.5
jinku5454,164,0.5
sonalikharade5,164,1.0
runakshi97,164,0.5
aloksardesai97,164,0.5
owais11,164,1.0
aishwaryahiwale97,164,0.5
aditiramadwar,164,1.0
bhupeshpatil98,164,0.5
arpitgodbole7,164,1.0
joishersweta17695,164,1.0
max_mercury,165,1.0
rms.maurya21,165,1.0
rajashree.pimputkar,165,1.0
prachi.mujawar,165,1.0
divyassonawane,165,1.0
priyankakunde22,165,1.0
pnrs.pratik,165,1.0
rishimud,165,1.0
pranjalijadhav0911,165,1.0
ardalvi85,165,1.0
hsnnalwala7,165,1.0
siddhesh.soyane,165,1.0
owais11,165,1.0
adisawant333,165,1.0
bhandarepranay9208,165,1.0
shripal17,165,1.0
susmeetsukte,165,1.0
kaushiksawant93,165,1.0
ashu0497,166,0.2
rahulbirwadkar123,166,0.2
rutujakamthe,166,0.4
adityakini21,166,0.2
max_mercury,166,0.2
verma_34dh,166,0.2
deep.patel,166,0.6
akshaybhore7,166,0.6
rajashree.pimputkar,166,0.4
shantanu123,166,0.2
mayurpashte97,166,0.6
nicket9,166,0.2
swastik2,166,0.6
nageshjaiswar11,166,0.2
omimore24,166,0.6
piyamodhve,166,0.6
tanvipalande,166,0.2
saritav.9600,166,0.2
nanomems226,166,0.4
sagar21,166,0.6
pranav123,166,0.4
arushi.yadav,166,0.6
juileebharate10797,166,0.2
inamdarshreyas5,166,0.4
prachi.mujawar,166,0.4
max_mercury,167,1.0
chetushirke,167,1.0
akshatask,167,1.0
rutujakamthe,167,1.0
aloksardesai97,167,1.0
shantanupanigrahi98,167,1.0
pranav123,167,1.0
mayanksamar786,167,1.0
sarika_bukkawar,167,1.0
shriya.h.joshi,168,1.0
mananshah30137,168,1.0
viraktdoshi19,168,1.0
rahul.pradhan1997,168,1.0
ckargutkar96,168,1.0
manalighorpade1697,168,1.0
akshayrita20,168,1.0
rutujazinjal08,169,1.0
kunalkaushik27,169,1.0
sakshi.manerkar,169,1.0
poojayadav941997,169,1.0
preetashahh,169,1.0
panamit462,169,1.0
1jyotsna1,170,1.0
nande.manasi16,170,1.0
himanisheth98,170,1.0
ameysawant25597,170,1.0
yashsavle,170,1.0
agarwal.gagan5101,170,1.0
riddhis2411,170,1.0
ritesh.rajan3,171,1.0
thomasshanekoshy,171,1.0
mohit.prabhughate7,171,1.0
tushar.t.rao,171,1.0
omkarkamat1995,171,1.0
siluvaiwinston,171,1.0
sebin.bc,172,1.0
swapnaja73,172,1.0
markfds0712,172,1.0
dalvi.mahadev33,172,1.0
mikhailppinto2828,172,1.0
adityachachad,172,1.0
yashivinz,172,1.0
ayushibhtngr96,172,1.0
pratik.kadam,173,1.0
agundeaniket46,173,1.0
blackmamba,173,1.0
shantanupanigrahi98,173,1.0
kunal.jain,173,1.0
harshaddadas30,173,1.0
sarika_bukkawar,173,1.0
mihirwahi25,174,1.0
mansee01,174,1.0
namitadhaygude99,174,1.0
snehakamble2211,174,1.0
siddhant1905,174,1.0
akashsurendran1497,175,1.0
shubham.yelange,175,1.0
patilprasad0123,175,1.0
anishnair1996,175,1.0
kaustubhvaishampayan,175,1.0
deepaksevak030,175,1.0
wanichinmay577,175,1.0
svarma92,175,1.0
abfaruk99,176,1.0
kundanashtond20,176,1.0
sudeepvishwakarma007,176,1.0
sapnabhadouria02,176,1.0
mayuri.gaikwad19982013,176,1.0
shoaib.mansoori345,177,1.0
chiragshah,177,1.0
virajrocks44,177,1.0
pereirasean1811,177,1.0
sadawartisuyog,177,1.0
a_giuliano,178,1.0
vittix96,178,1.0
amatodanilo95,178,1.0
michelemorani,178,1.0
s264651,178,1.0
annapaolazingarelli96,178,1.0
cubo96on,178,1.0
xale95,178,1.0
beatrice96,178,1.0
agustingiussani419,178,1.0
alby.luzio,178,1.0
lorenzolaveneziana96,178,1.0
abdujalol.usmanov,178,1.0
politecnico,178,1.0
xiejin,178,1.0
luigi1996,178,1.0
fabiopastorino.1993,178,1.0
chavezaugusto2,178,1.0
giulialuparia,178,1.0
amirgrbn74,178,1.0
marco.rave.mr,178,1.0
cuiguiyang,178,1.0
maria.fazio,178,1.0
wangshixian922,178,1.0
zhangxiu000,178,1.0
saeed2428,178,1.0
mr.hejianlong,178,1.0
gasgas300,178,1.0
davide123,178,1.0
fabry180,178,1.0
mazzoni100,178,1.0
ilariabushati,178,1.0
gabriele.c396,178,1.0
martap95,178,1.0
fefo.cardile,178,1.0
andreaiadarola,178,1.0
davide.fittipaldi,178,1.0
carmeladfr95,178,1.0
behzod1996.06,178,1.0
nichrh_95,178,1.0
eddodavalos,178,1.0
giacomosergi96,178,1.0
riccardom96,178,1.0
armankianirad,178,1.0
flaminia95,178,1.0
matteo.fasano,178,1.0
frankcapone95,178,1.0
guochao,178,1.0
mariaclaradicesare14,178,1.0
steve.r6531,179,1.0
andrewarmstrong858,179,1.0
sjriley,179,1.0
lanlibsu,179,1.0
jordanvandegrift,179,1.0
mar4557,179,1.0
addielupercio,179,1.0
arielweltner,179,1.0
gregorynoble,179,1.0
embersikorski,179,1.0
stevejohns,179,1.0
samuelpedersen,179,1.0
gregorynoble27000,179,1.0
tragon,179,1.0
timphero,179,1.0
steve.r6531,180,1.0
lynnkarriem1,180,1.0
bradygarringer,180,1.0
michaeleppel,180,1.0
almastosius,180,1.0
tanyalu,180,1.0
lanlibsu,180,1.0
beckperrine,180,1.0
tylerjpoulsen,180,1.0
samuelmcmurdie,180,1.0
dallash,180,1.0
austinmello,180,1.0
egraugnard,180,1.0
paigeskinner,180,1.0
kyleelay,180,1.0
johnpage,180,1.0
scottbirks,180,1.0
arvincunningham,180,1.0
michaelhansen95,180,1.0
kievdixon,180,1.0
natefarris,180,1.0
chuang5679,181,1.0
murlocking,181,1.0
shaoyou,181,0.5
aghazari,181,1.0
pshir,181,0.5
osgarcia,181,1.0
davidkelly,181,0.5
qianliu0120,181,1.0
ksanche32,181,1.0
federicobea95,181,0.5
hardikh94,181,1.0
yihong0807,181,1.0
bndefru,181,0.5
mfossella,181,0.5
mariah741,181,0.5
neelb96,181,1.0
yuchun7,181,1.0
ruoxia,181,1.0
hmfei,181,0.5
arthurssu,181,0.5
robin1221,181,1.0
creichen,181,0.5
viraatsh,181,1.0
oleon95,181,1.0
pochangshih,181,0.5
kfitzell29,181,0.5
uclahuangxin,181,1.0
xinranz1216104,181,1.0
boyao,181,0.5
curtis804,181,1.0
derekrsdhl,181,1.0
tsaijuming,181,0.5
gig26,181,0.5
shushujie,181,0.5
shikamaru0922,181,1.0
yingjied,181,1.0
frankpan96,181,1.0
jameskpenney,181,1.0
judywei0101,181,1.0
gibbsfree,181,0.5
boyao,182,1.0
chuang5679,182,1.0
zy111693,182,1.0
robin1221,182,1.0
creichen,182,1.0
mtmaccc,182,1.0
dallash,183,1.0
tanyalu,183,1.0
tylerjpoulsen,183,1.0
lynnkarriem1,183,1.0
beckperrine,183,1.0
paigeskinner,183,1.0
bradygarringer,183,1.0
kyleelay,183,1.0
johnpage,183,1.0
natefarris,183,1.0
almastosius,183,1.0
michaelhansen95,183,1.0
bigstar0107,184,1.0
giri,184,1.0
psqkr0283,184,1.0
sinto8211,184,1.0
ssj7353,184,1.0
methz,185,1.0
joaovictorlemes3,185,1.0
tainaracescate,185,1.0
gabrielmontoro,185,1.0
guilhermeazevedofis,185,1.0
dionizio,185,1.0
brauliogabriel,185,1.0
feraya09,186,1.0
marissacerdas,186,1.0
evyquiros.7,186,1.0
andrea.zu97,186,1.0
jbhernadez1004,186,1.0
luisca1925,186,1.0
arisandi97,186,1.0
feraya09,187,1.0
sussitr8,187,1.0
clauchv,187,1.0
dch_1018,187,1.0
arisansol01,187,1.0
andrea.zu97,187,1.0
luisca1968,187,1.0
dgsandoval,187,1.0
laurojasch,187,1.0
yosjimz,187,1.0
alpizar.kevin1,187,1.0
jose.acuvida,187,1.0
arisandi97,187,1.0
kelly.corella,187,1.0
josesanchezmoreno2797,187,1.0
hardikh94,188,1.0
creichen,188,1.0
viraatsh,188,1.0
neelb96,188,1.0
yuchun7,188,1.0
mtmaccc,188,1.0
hovhaa,189,1.0
mimiwilliams,189,1.0
kondrb,189,1.0
yyf97,189,1.0
keslern,189,1.0
delorm,189,1.0
yangd9,189,1.0
naomi.williams903,189,0.6666666666666666
m8porterfield,189,1.0
pmehta97,189,1.0
feraca,189,0.6666666666666666
willil13,189,1.0
wenzhuoqun,189,1.0
atablizo6,189,1.0
abhishandy,189,0.6666666666666666
apecoraro,189,0.6666666666666666
jnlloyd10,189,1.0
tashit,189,0.6666666666666666
millerp97,189,1.0
alianna.maguire,189,1.0
madigc3,189,1.0
hanchuan,189,1.0
stormermatthew,189,1.0
alicechiu1126,189,1.0
kubicf,189,1.0
victor.chen623,189,1.0
keblinski,189,0.3333333333333333
parthbhide314,189,1.0
les,189,1.0
iskatel42,189,1.0
quartincz,189,1.0
kevindavis11,189,1.0
alexperkins828,189,1.0
schasen97,189,1.0
ryleejc,189,1.0
dkzr2015,189,1.0
jmweinstein2,189,0.6666666666666666
dang4213,189,1.0
macdoc,189,0.6666666666666666
pena.carlos056,189,1.0
tgrounds33,189,1.0
onlineclass96,190,1.0
nbutt,190,1.0
sohailnagra127,190,1.0
aminah87,190,1.0
shahzaib75,190,1.0
zeaghamkapco13,190,1.0
shahzad.rida.rs,190,1.0
shujahrehman1,190,1.0
mehrwaqar786,190,1.0
rizwana,190,1.0
abs133,190,1.0
arish.adil,190,1.0
hadia.fatima.ach,190,1.0
reebaraza,190,1.0
kaynatalvi,190,1.0
nbutt,191,1.0
shahzaib75,191,1.0
shahzad.rida.rs,191,1.0
mehrwaqar786,191,1.0
abs133,191,1.0
hadia.fatima.ach,191,1.0
kaynatalvi,191,1.0
clarksm,192,1.0
nanohueb,192,1.0
apps,192,1.0
schcats,192,1.0
pmeunier,192,1.0
rc564,193,1.0
cl2563,193,1.0
spk52,193,1.0
alh277,193,1.0
yd366,193,1.0
sg742,193,1.0
leining,194,1.0
wenzhao,194,1.0
xiaokong91,194,1.0
duanyunruisdu,194,1.0
czhao,194,1.0
tcheng.gogo,194,1.0
